bucket	wiki	count
2026-06-13 00:00	buecher	32
2026-06-13 00:00	dse	1369
2026-06-13 00:00	fractal	285
2026-06-13 00:00	support	2
2026-06-13 00:00	wiki4d	24
2026-06-13 00:10	buecher	30
2026-06-13 00:10	culios	1
2026-06-13 00:10	dse	72
2026-06-13 00:10	fractal	282
2026-06-13 00:10	support	2
2026-06-13 00:10	wiki4d	23
2026-06-13 00:20	buecher	50
2026-06-13 00:20	dse	76
2026-06-13 00:20	fractal	306
2026-06-13 00:20	support	6
2026-06-13 00:20	wiki4d	26
2026-06-13 00:30	buecher	59
2026-06-13 00:30	dse	41
2026-06-13 00:30	fractal	289
2026-06-13 00:30	support	4
2026-06-13 00:30	wiki4d	33
2026-06-13 00:40	buecher	55
2026-06-13 00:40	dse	46
2026-06-13 00:40	fractal	270
2026-06-13 00:40	support	2
2026-06-13 00:40	wiki4d	26
2026-06-13 00:50	buecher	54
2026-06-13 00:50	dse	35
2026-06-13 00:50	fractal	273
2026-06-13 00:50	support	4
2026-06-13 00:50	wiki4d	11
2026-06-13 01:00	buecher	61
2026-06-13 01:00	dse	94
2026-06-13 01:00	fractal	276
2026-06-13 01:00	support	6
2026-06-13 01:00	wiki4d	27
2026-06-13 01:10	buecher	61
2026-06-13 01:10	dse	139
2026-06-13 01:10	fractal	297
2026-06-13 01:10	probier	1
2026-06-13 01:10	support	3
2026-06-13 01:10	wiki4d	26
2026-06-13 01:20	buecher	117
2026-06-13 01:20	dse	91
2026-06-13 01:20	fractal	273
2026-06-13 01:20	probier	1
2026-06-13 01:20	support	7
2026-06-13 01:20	wiki4d	26
2026-06-13 01:30	buecher	106
2026-06-13 01:30	dse	129
2026-06-13 01:30	fractal	270
2026-06-13 01:30	support	1
2026-06-13 01:30	wiki4d	28
2026-06-13 01:40	buecher	27
2026-06-13 01:40	dse	61
2026-06-13 01:40	fractal	313
2026-06-13 01:40	lions	1
2026-06-13 01:40	support	2
2026-06-13 01:40	wiki4d	25
2026-06-13 01:50	buecher	40
2026-06-13 01:50	culios	1
2026-06-13 01:50	dse	70
2026-06-13 01:50	fractal	420
2026-06-13 01:50	support	6
2026-06-13 01:50	wiki4d	28
2026-06-13 02:00	buecher	34
2026-06-13 02:00	culios	5
2026-06-13 02:00	dse	87
2026-06-13 02:00	fractal	299
2026-06-13 02:00	nausner	3
2026-06-13 02:00	support	10
2026-06-13 02:00	wiki4d	30
2026-06-13 02:10	buecher	71
2026-06-13 02:10	culios	2
2026-06-13 02:10	dse	238
2026-06-13 02:10	fractal	294
2026-06-13 02:10	lions	2
2026-06-13 02:10	nausner	1
2026-06-13 02:10	probier	5
2026-06-13 02:10	support	9
2026-06-13 02:10	wiki4d	31
2026-06-13 02:20	buecher	45
2026-06-13 02:20	dse	65
2026-06-13 02:20	fractal	372
2026-06-13 02:20	probier	1
2026-06-13 02:20	support	13
2026-06-13 02:20	wiki4d	27
2026-06-13 02:30	buecher	27
2026-06-13 02:30	dse	60
2026-06-13 02:30	fractal	345
2026-06-13 02:30	probier	2
2026-06-13 02:30	support	5
2026-06-13 02:30	wiki4d	40
2026-06-13 02:40	buecher	60
2026-06-13 02:40	culios	7
2026-06-13 02:40	dse	123
2026-06-13 02:40	fractal	308
2026-06-13 02:40	probier	1
2026-06-13 02:40	support	4
2026-06-13 02:40	wiki4d	27
2026-06-13 02:50	buecher	25
2026-06-13 02:50	dse	113
2026-06-13 02:50	fractal	367
2026-06-13 02:50	support	12
2026-06-13 02:50	wiki4d	40
2026-06-13 03:00	buecher	39
2026-06-13 03:00	dse	262
2026-06-13 03:00	fractal	293
2026-06-13 03:00	support	8
2026-06-13 03:00	wiki4d	53
2026-06-13 03:10	buecher	17
2026-06-13 03:10	dse	153
2026-06-13 03:10	fractal	326
2026-06-13 03:10	support	4
2026-06-13 03:10	wiki4d	33
2026-06-13 03:20	buecher	54
2026-06-13 03:20	culios	1
2026-06-13 03:20	dse	207
2026-06-13 03:20	fractal	311
2026-06-13 03:20	lions	1
2026-06-13 03:20	support	5
2026-06-13 03:20	wiki4d	35
2026-06-13 03:30	buecher	50
2026-06-13 03:30	dse	177
2026-06-13 03:30	fractal	368
2026-06-13 03:30	probier	2
2026-06-13 03:30	support	5
2026-06-13 03:30	wiki4d	35
2026-06-13 03:40	buecher	18
2026-06-13 03:40	culios	1
2026-06-13 03:40	dse	223
2026-06-13 03:40	fractal	321
2026-06-13 03:40	lions	1
2026-06-13 03:40	probier	1
2026-06-13 03:40	support	5
2026-06-13 03:40	wiki4d	31
2026-06-13 03:50	buecher	56
2026-06-13 03:50	dse	334
2026-06-13 03:50	fractal	295
2026-06-13 03:50	nausner	1
2026-06-13 03:50	support	15
2026-06-13 03:50	wiki4d	26
2026-06-13 04:00	buecher	27
2026-06-13 04:00	culios	5
2026-06-13 04:00	dse	249
2026-06-13 04:00	fractal	366
2026-06-13 04:00	nausner	1
2026-06-13 04:00	support	9
2026-06-13 04:00	wiki4d	31
2026-06-13 04:10	buecher	55
2026-06-13 04:10	dse	302
2026-06-13 04:10	fractal	327
2026-06-13 04:10	probier	1
2026-06-13 04:10	support	3
2026-06-13 04:10	wiki4d	43
2026-06-13 04:20	buecher	39
2026-06-13 04:20	culios	1
2026-06-13 04:20	dse	138
2026-06-13 04:20	fractal	345
2026-06-13 04:20	probier	10
2026-06-13 04:20	support	13
2026-06-13 04:20	wiki4d	22
2026-06-13 04:30	buecher	45
2026-06-13 04:30	culios	2
2026-06-13 04:30	dse	106
2026-06-13 04:30	fractal	353
2026-06-13 04:30	support	10
2026-06-13 04:30	wiki4d	75
2026-06-13 04:40	buecher	40
2026-06-13 04:40	culios	3
2026-06-13 04:40	dse	69
2026-06-13 04:40	fractal	481
2026-06-13 04:40	nausner	2
2026-06-13 04:40	support	9
2026-06-13 04:40	wiki4d	28
2026-06-13 04:50	buecher	38
2026-06-13 04:50	dse	257
2026-06-13 04:50	fractal	447
2026-06-13 04:50	lions	1
2026-06-13 04:50	probier	1
2026-06-13 04:50	support	11
2026-06-13 04:50	wiki4d	16
2026-06-13 05:00	buecher	44
2026-06-13 05:00	dse	184
2026-06-13 05:00	fractal	348
2026-06-13 05:00	support	9
2026-06-13 05:00	wiki4d	34
2026-06-13 05:10	buecher	61
2026-06-13 05:10	culios	4
2026-06-13 05:10	dse	71
2026-06-13 05:10	fractal	331
2026-06-13 05:10	nausner	1
2026-06-13 05:10	support	3
2026-06-13 05:10	wiki4d	31
2026-06-13 05:20	buecher	60
2026-06-13 05:20	culios	3
2026-06-13 05:20	dse	94
2026-06-13 05:20	fractal	396
2026-06-13 05:20	support	8
2026-06-13 05:20	wiki4d	18
2026-06-13 05:30	buecher	37
2026-06-13 05:30	dse	115
2026-06-13 05:30	fractal	382
2026-06-13 05:30	support	5
2026-06-13 05:30	wiki4d	28
2026-06-13 05:40	buecher	43
2026-06-13 05:40	dse	143
2026-06-13 05:40	fractal	314
2026-06-13 05:40	support	7
2026-06-13 05:40	wiki4d	24
2026-06-13 05:50	buecher	93
2026-06-13 05:50	culios	4
2026-06-13 05:50	dse	82
2026-06-13 05:50	fractal	431
2026-06-13 05:50	support	10
2026-06-13 05:50	wiki4d	23
2026-06-13 06:00	buecher	84
2026-06-13 06:00	dse	199
2026-06-13 06:00	fractal	301
2026-06-13 06:00	lions	1
2026-06-13 06:00	support	6
2026-06-13 06:00	wiki4d	45
2026-06-13 06:10	buecher	76
2026-06-13 06:10	culios	1
2026-06-13 06:10	dse	152
2026-06-13 06:10	fractal	302
2026-06-13 06:10	support	3
2026-06-13 06:10	wiki4d	46
2026-06-13 06:20	buecher	60
2026-06-13 06:20	dse	162
2026-06-13 06:20	fractal	349
2026-06-13 06:20	probier	2
2026-06-13 06:20	support	7
2026-06-13 06:20	wiki4d	24
2026-06-13 06:30	buecher	34
2026-06-13 06:30	culios	1
2026-06-13 06:30	dse	175
2026-06-13 06:30	fractal	308
2026-06-13 06:30	probier	3
2026-06-13 06:30	support	5
2026-06-13 06:30	wiki4d	19
2026-06-13 06:40	buecher	42
2026-06-13 06:40	culios	2
2026-06-13 06:40	dse	197
2026-06-13 06:40	fractal	298
2026-06-13 06:40	nausner	1
2026-06-13 06:40	support	3
2026-06-13 06:40	wiki4d	16
2026-06-13 06:50	buecher	68
2026-06-13 06:50	culios	3
2026-06-13 06:50	dse	144
2026-06-13 06:50	fractal	423
2026-06-13 06:50	support	10
2026-06-13 06:50	wiki4d	32
2026-06-13 07:00	buecher	64
2026-06-13 07:00	culios	7
2026-06-13 07:00	dse	165
2026-06-13 07:00	fractal	322
2026-06-13 07:00	support	4
2026-06-13 07:00	wiki4d	51
2026-06-13 07:10	buecher	67
2026-06-13 07:10	dse	235
2026-06-13 07:10	fractal	286
2026-06-13 07:10	support	13
2026-06-13 07:10	wiki4d	31
2026-06-13 07:20	buecher	63
2026-06-13 07:20	culios	4
2026-06-13 07:20	dse	291
2026-06-13 07:20	fractal	365
2026-06-13 07:20	nausner	1
2026-06-13 07:20	support	6
2026-06-13 07:20	wiki4d	145
2026-06-13 07:30	buecher	46
2026-06-13 07:30	dse	403
2026-06-13 07:30	fractal	364
2026-06-13 07:30	lions	1
2026-06-13 07:30	support	3
2026-06-13 07:30	wiki4d	58
2026-06-13 07:40	buecher	56
2026-06-13 07:40	culios	1
2026-06-13 07:40	dse	407
2026-06-13 07:40	fractal	285
2026-06-13 07:40	support	5
2026-06-13 07:40	wiki4d	27
2026-06-13 07:50	buecher	62
2026-06-13 07:50	culios	2
2026-06-13 07:50	dse	467
2026-06-13 07:50	fractal	284
2026-06-13 07:50	support	5
2026-06-13 07:50	wiki4d	21
2026-06-13 08:00	buecher	55
2026-06-13 08:00	dse	465
2026-06-13 08:00	fractal	300
2026-06-13 08:00	probier	2
2026-06-13 08:00	support	12
2026-06-13 08:00	wiki4d	33
2026-06-13 08:10	buecher	85
2026-06-13 08:10	culios	1
2026-06-13 08:10	dse	395
2026-06-13 08:10	fractal	357
2026-06-13 08:10	nausner	2
2026-06-13 08:10	support	6
2026-06-13 08:10	wiki4d	33
2026-06-13 08:20	buecher	72
2026-06-13 08:20	dse	462
2026-06-13 08:20	fractal	224
2026-06-13 08:20	support	12
2026-06-13 08:20	wiki4d	29
2026-06-13 08:30	buecher	71
2026-06-13 08:30	dse	456
2026-06-13 08:30	fractal	81
2026-06-13 08:30	support	10
2026-06-13 08:30	wiki4d	31
2026-06-13 08:40	buecher	57
2026-06-13 08:40	culios	1
2026-06-13 08:40	dse	377
2026-06-13 08:40	fractal	135
2026-06-13 08:40	nausner	2
2026-06-13 08:40	probier	1
2026-06-13 08:40	support	16
2026-06-13 08:40	wiki4d	34
2026-06-13 08:50	buecher	21
2026-06-13 08:50	culios	2
2026-06-13 08:50	dse	554
2026-06-13 08:50	fractal	232
2026-06-13 08:50	support	7
2026-06-13 08:50	wiki4d	34
2026-06-13 09:00	buecher	13
2026-06-13 09:00	dse	587
2026-06-13 09:00	fractal	93
2026-06-13 09:00	support	7
2026-06-13 09:00	wiki4d	11
2026-06-13 09:10	buecher	56
2026-06-13 09:10	culios	1
2026-06-13 09:10	dse	519
2026-06-13 09:10	fractal	106
2026-06-13 09:10	support	8
2026-06-13 09:10	wiki4d	21
2026-06-13 09:20	buecher	113
2026-06-13 09:20	dse	698
2026-06-13 09:20	fractal	166
2026-06-13 09:20	support	2
2026-06-13 09:20	wiki4d	51
2026-06-13 09:30	buecher	53
2026-06-13 09:30	culios	1
2026-06-13 09:30	dse	523
2026-06-13 09:30	fractal	370
2026-06-13 09:30	support	6
2026-06-13 09:30	wiki4d	32
2026-06-13 09:40	buecher	60
2026-06-13 09:40	culios	1
2026-06-13 09:40	dse	507
2026-06-13 09:40	fractal	301
2026-06-13 09:40	support	5
2026-06-13 09:40	wiki4d	32
2026-06-13 09:50	buecher	66
2026-06-13 09:50	culios	1
2026-06-13 09:50	dse	616
2026-06-13 09:50	fractal	269
2026-06-13 09:50	support	7
2026-06-13 09:50	wiki4d	23
2026-06-13 10:00	buecher	29
2026-06-13 10:00	culios	1
2026-06-13 10:00	dse	485
2026-06-13 10:00	fractal	280
2026-06-13 10:00	probier	1
2026-06-13 10:00	support	3
2026-06-13 10:00	wiki4d	35
2026-06-13 10:10	buecher	19
2026-06-13 10:10	culios	1
2026-06-13 10:10	dse	483
2026-06-13 10:10	fractal	332
2026-06-13 10:10	lions	1
2026-06-13 10:10	nausner	2
2026-06-13 10:10	support	7
2026-06-13 10:10	wiki4d	30
2026-06-13 10:20	buecher	16
2026-06-13 10:20	dse	423
2026-06-13 10:20	fractal	345
2026-06-13 10:20	support	8
2026-06-13 10:20	wiki4d	32
2026-06-13 10:30	buecher	25
2026-06-13 10:30	dse	457
2026-06-13 10:30	fractal	318
2026-06-13 10:30	nausner	1
2026-06-13 10:30	support	11
2026-06-13 10:30	wiki4d	20
2026-06-13 10:40	buecher	33
2026-06-13 10:40	culios	7
2026-06-13 10:40	dse	482
2026-06-13 10:40	fractal	386
2026-06-13 10:40	support	4
2026-06-13 10:40	wiki4d	31
2026-06-13 10:50	buecher	30
2026-06-13 10:50	dse	467
2026-06-13 10:50	fractal	369
2026-06-13 10:50	probier	1
2026-06-13 10:50	support	9
2026-06-13 10:50	wiki4d	33
2026-06-13 11:00	buecher	14
2026-06-13 11:00	culios	1
2026-06-13 11:00	dse	460
2026-06-13 11:00	fractal	299
2026-06-13 11:00	support	5
2026-06-13 11:00	wiki4d	32
2026-06-13 11:10	buecher	15
2026-06-13 11:10	culios	1
2026-06-13 11:10	dse	435
2026-06-13 11:10	fractal	314
2026-06-13 11:10	support	4
2026-06-13 11:10	wiki4d	60
2026-06-13 11:20	buecher	65
2026-06-13 11:20	culios	7
2026-06-13 11:20	dse	480
2026-06-13 11:20	fractal	467
2026-06-13 11:20	probier	3
2026-06-13 11:20	support	6
2026-06-13 11:20	wiki4d	82
2026-06-13 11:30	buecher	67
2026-06-13 11:30	dse	492
2026-06-13 11:30	fractal	307
2026-06-13 11:30	support	4
2026-06-13 11:30	wiki4d	39
2026-06-13 11:40	buecher	59
2026-06-13 11:40	dse	437
2026-06-13 11:40	fractal	307
2026-06-13 11:40	support	9
2026-06-13 11:40	wiki4d	29
2026-06-13 11:50	buecher	59
2026-06-13 11:50	dse	500
2026-06-13 11:50	fractal	289
2026-06-13 11:50	support	6
2026-06-13 11:50	wiki4d	25
2026-06-13 12:00	buecher	72
2026-06-13 12:00	culios	3
2026-06-13 12:00	dse	458
2026-06-13 12:00	fractal	359
2026-06-13 12:00	support	4
2026-06-13 12:00	wiki4d	19
2026-06-13 12:10	buecher	65
2026-06-13 12:10	dse	421
2026-06-13 12:10	fractal	412
2026-06-13 12:10	support	5
2026-06-13 12:10	wiki4d	20
2026-06-13 12:20	buecher	53
2026-06-13 12:20	dse	442
2026-06-13 12:20	fractal	497
2026-06-13 12:20	support	8
2026-06-13 12:20	wiki4d	30
2026-06-13 12:30	buecher	56
2026-06-13 12:30	dse	396
2026-06-13 12:30	fractal	300
2026-06-13 12:30	probier	1
2026-06-13 12:30	support	8
2026-06-13 12:30	wiki4d	51
2026-06-13 12:40	buecher	69
2026-06-13 12:40	culios	1
2026-06-13 12:40	dse	343
2026-06-13 12:40	fractal	419
2026-06-13 12:40	lions	1
2026-06-13 12:40	support	4
2026-06-13 12:40	wiki4d	32
2026-06-13 12:50	buecher	63
2026-06-13 12:50	dse	301
2026-06-13 12:50	fractal	301
2026-06-13 12:50	support	4
2026-06-13 12:50	wiki4d	68
2026-06-13 13:00	buecher	60
2026-06-13 13:00	dse	327
2026-06-13 13:00	fractal	289
2026-06-13 13:00	lions	1
2026-06-13 13:00	nausner	1
2026-06-13 13:00	support	8
2026-06-13 13:00	wiki4d	68
2026-06-13 13:10	buecher	60
2026-06-13 13:10	dse	293
2026-06-13 13:10	fractal	279
2026-06-13 13:10	nausner	3
2026-06-13 13:10	probier	1
2026-06-13 13:10	support	8
2026-06-13 13:10	wiki4d	26
2026-06-13 13:20	buecher	112
2026-06-13 13:20	culios	3
2026-06-13 13:20	dse	247
2026-06-13 13:20	fractal	417
2026-06-13 13:20	support	4
2026-06-13 13:20	wiki4d	43
2026-06-13 13:30	buecher	80
2026-06-13 13:30	dse	262
2026-06-13 13:30	fractal	271
2026-06-13 13:30	support	3
2026-06-13 13:30	wiki4d	31
2026-06-13 13:40	buecher	58
2026-06-13 13:40	dse	254
2026-06-13 13:40	fractal	199
2026-06-13 13:40	nausner	1
2026-06-13 13:40	support	9
2026-06-13 13:40	wiki4d	64
2026-06-13 13:50	buecher	41
2026-06-13 13:50	dse	260
2026-06-13 13:50	fractal	272
2026-06-13 13:50	nausner	1
2026-06-13 13:50	probier	1
2026-06-13 13:50	support	6
2026-06-13 13:50	wiki4d	38
2026-06-13 14:00	buecher	41
2026-06-13 14:00	culios	1
2026-06-13 14:00	dse	259
2026-06-13 14:00	fractal	323
2026-06-13 14:00	support	11
2026-06-13 14:00	wiki4d	35
2026-06-13 14:10	buecher	39
2026-06-13 14:10	dse	272
2026-06-13 14:10	fractal	413
2026-06-13 14:10	nausner	1
2026-06-13 14:10	probier	1
2026-06-13 14:10	support	4
2026-06-13 14:10	wiki4d	36
2026-06-13 14:20	buecher	46
2026-06-13 14:20	culios	4
2026-06-13 14:20	dse	290
2026-06-13 14:20	fractal	167
2026-06-13 14:20	nausner	2
2026-06-13 14:20	support	4
2026-06-13 14:20	wiki4d	16
2026-06-13 14:30	buecher	29
2026-06-13 14:30	dse	316
2026-06-13 14:30	fractal	167
2026-06-13 14:30	probier	2
2026-06-13 14:30	support	3
2026-06-13 14:30	wiki4d	29
2026-06-13 14:40	buecher	62
2026-06-13 14:40	culios	1
2026-06-13 14:40	dse	230
2026-06-13 14:40	fractal	184
2026-06-13 14:40	probier	2
2026-06-13 14:40	support	12
2026-06-13 14:40	wiki4d	34
2026-06-13 14:50	buecher	71
2026-06-13 14:50	dse	199
2026-06-13 14:50	fractal	206
2026-06-13 14:50	support	3
2026-06-13 14:50	wiki4d	22
2026-06-13 15:00	buecher	39
2026-06-13 15:00	dse	248
2026-06-13 15:00	fractal	180
2026-06-13 15:00	probier	1
2026-06-13 15:00	support	6
2026-06-13 15:00	wiki4d	47
2026-06-13 15:10	buecher	29
2026-06-13 15:10	dse	256
2026-06-13 15:10	fractal	159
2026-06-13 15:10	lions	1
2026-06-13 15:10	support	3
2026-06-13 15:10	wiki4d	41
2026-06-13 15:20	buecher	39
2026-06-13 15:20	culios	2
2026-06-13 15:20	dse	240
2026-06-13 15:20	fractal	202
2026-06-13 15:20	lions	1
2026-06-13 15:20	nausner	1
2026-06-13 15:20	probier	1
2026-06-13 15:20	support	13
2026-06-13 15:20	wiki4d	27
2026-06-13 15:30	buecher	41
2026-06-13 15:30	culios	1
2026-06-13 15:30	dse	312
2026-06-13 15:30	fractal	293
2026-06-13 15:30	support	6
2026-06-13 15:30	wiki4d	36
2026-06-13 15:40	buecher	27
2026-06-13 15:40	dse	313
2026-06-13 15:40	fractal	153
2026-06-13 15:40	nausner	1
2026-06-13 15:40	support	5
2026-06-13 15:40	wiki4d	21
2026-06-13 15:50	buecher	30
2026-06-13 15:50	dse	351
2026-06-13 15:50	fractal	130
2026-06-13 15:50	nausner	1
2026-06-13 15:50	support	5
2026-06-13 15:50	wiki4d	48
2026-06-13 16:00	buecher	32
2026-06-13 16:00	culios	1
2026-06-13 16:00	dse	392
2026-06-13 16:00	fractal	104
2026-06-13 16:00	support	4
2026-06-13 16:00	wiki4d	17
2026-06-13 16:10	buecher	89
2026-06-13 16:10	culios	1
2026-06-13 16:10	dse	226
2026-06-13 16:10	fractal	211
2026-06-13 16:10	support	3
2026-06-13 16:10	wiki4d	48
2026-06-13 16:20	buecher	88
2026-06-13 16:20	dse	278
2026-06-13 16:20	fractal	156
2026-06-13 16:20	lions	1
2026-06-13 16:20	support	8
2026-06-13 16:20	wiki4d	28
2026-06-13 16:30	buecher	55
2026-06-13 16:30	culios	3
2026-06-13 16:30	dse	233
2026-06-13 16:30	fractal	148
2026-06-13 16:30	lions	2
2026-06-13 16:30	support	9
2026-06-13 16:30	wiki4d	25
2026-06-13 16:40	buecher	82
2026-06-13 16:40	culios	9
2026-06-13 16:40	dse	254
2026-06-13 16:40	fractal	120
2026-06-13 16:40	nausner	1
2026-06-13 16:40	probier	1
2026-06-13 16:40	support	12
2026-06-13 16:40	wiki4d	20
2026-06-13 16:50	buecher	75
2026-06-13 16:50	culios	1
2026-06-13 16:50	dse	180
2026-06-13 16:50	fractal	291
2026-06-13 16:50	lions	1
2026-06-13 16:50	probier	1
2026-06-13 16:50	support	8
2026-06-13 16:50	wiki4d	57
2026-06-13 17:00	buecher	99
2026-06-13 17:00	dse	181
2026-06-13 17:00	fractal	816
2026-06-13 17:00	nausner	2
2026-06-13 17:00	support	9
2026-06-13 17:00	wiki4d	25
2026-06-13 17:10	buecher	90
2026-06-13 17:10	dse	186
2026-06-13 17:10	fractal	1183
2026-06-13 17:10	probier	2
2026-06-13 17:10	support	6
2026-06-13 17:10	wiki4d	13
2026-06-13 17:20	buecher	86
2026-06-13 17:20	dse	242
2026-06-13 17:20	fractal	1093
2026-06-13 17:20	nausner	1
2026-06-13 17:20	support	7
2026-06-13 17:20	wiki4d	20
2026-06-13 17:30	buecher	89
2026-06-13 17:30	dse	155
2026-06-13 17:30	fractal	1166
2026-06-13 17:30	support	8
2026-06-13 17:30	wiki4d	21
2026-06-13 17:40	buecher	92
2026-06-13 17:40	culios	8
2026-06-13 17:40	dse	94
2026-06-13 17:40	fractal	1163
2026-06-13 17:40	nausner	3
2026-06-13 17:40	support	2
2026-06-13 17:40	wiki4d	22
2026-06-13 17:50	buecher	100
2026-06-13 17:50	culios	2
2026-06-13 17:50	dse	132
2026-06-13 17:50	fractal	1210
2026-06-13 17:50	support	6
2026-06-13 17:50	wiki4d	25
2026-06-13 18:00	buecher	84
2026-06-13 18:00	dse	175
2026-06-13 18:00	fractal	1092
2026-06-13 18:00	nausner	1
2026-06-13 18:00	probier	2
2026-06-13 18:00	support	5
2026-06-13 18:00	wiki4d	33
2026-06-13 18:10	buecher	114
2026-06-13 18:10	culios	2
2026-06-13 18:10	dse	159
2026-06-13 18:10	fractal	100
2026-06-13 18:10	support	8
2026-06-13 18:10	wiki4d	50
2026-06-13 18:20	buecher	62
2026-06-13 18:20	culios	1
2026-06-13 18:20	dse	119
2026-06-13 18:20	fractal	247
2026-06-13 18:20	support	3
2026-06-13 18:20	wiki4d	16
2026-06-13 18:30	buecher	53
2026-06-13 18:30	culios	1
2026-06-13 18:30	dse	80
2026-06-13 18:30	fractal	94
2026-06-13 18:30	support	2
2026-06-13 18:30	wiki4d	32
2026-06-13 18:40	buecher	29
2026-06-13 18:40	dse	80
2026-06-13 18:40	fractal	109
2026-06-13 18:40	support	4
2026-06-13 18:40	wiki4d	13
2026-06-13 18:50	buecher	55
2026-06-13 18:50	culios	2
2026-06-13 18:50	dse	184
2026-06-13 18:50	fractal	319
2026-06-13 18:50	support	5
2026-06-13 18:50	wiki4d	20
2026-06-13 19:00	buecher	22
2026-06-13 19:00	dse	237
2026-06-13 19:00	fractal	267
2026-06-13 19:00	support	9
2026-06-13 19:00	wiki4d	17
2026-06-13 19:10	buecher	26
2026-06-13 19:10	culios	1
2026-06-13 19:10	dse	161
2026-06-13 19:10	fractal	97
2026-06-13 19:10	lions	1
2026-06-13 19:10	support	8
2026-06-13 19:10	wiki4d	22
2026-06-13 19:20	buecher	29
2026-06-13 19:20	culios	4
2026-06-13 19:20	dse	95
2026-06-13 19:20	fractal	141
2026-06-13 19:20	probier	1
2026-06-13 19:20	support	3
2026-06-13 19:20	wiki4d	16
2026-06-13 19:30	buecher	68
2026-06-13 19:30	dse	61
2026-06-13 19:30	fractal	175
2026-06-13 19:30	support	9
2026-06-13 19:30	wiki4d	17
2026-06-13 19:40	buecher	33
2026-06-13 19:40	culios	1
2026-06-13 19:40	dse	129
2026-06-13 19:40	fractal	105
2026-06-13 19:40	lions	1
2026-06-13 19:40	probier	1
2026-06-13 19:40	support	8
2026-06-13 19:40	wiki4d	20
2026-06-13 19:50	buecher	33
2026-06-13 19:50	culios	2
2026-06-13 19:50	dse	83
2026-06-13 19:50	fractal	141
2026-06-13 19:50	lions	1
2026-06-13 19:50	support	6
2026-06-13 19:50	wiki4d	19
2026-06-13 20:00	buecher	31
2026-06-13 20:00	culios	1
2026-06-13 20:00	dse	195
2026-06-13 20:00	fractal	89
2026-06-13 20:00	support	9
2026-06-13 20:00	wiki4d	17
2026-06-13 20:10	buecher	33
2026-06-13 20:10	culios	1
2026-06-13 20:10	dse	221
2026-06-13 20:10	fractal	219
2026-06-13 20:10	nausner	1
2026-06-13 20:10	support	7
2026-06-13 20:10	wiki4d	47
2026-06-13 20:20	buecher	31
2026-06-13 20:20	dse	112
2026-06-13 20:20	fractal	223
2026-06-13 20:20	probier	1
2026-06-13 20:20	support	6
2026-06-13 20:20	wiki4d	32
2026-06-13 20:30	buecher	29
2026-06-13 20:30	culios	3
2026-06-13 20:30	dse	117
2026-06-13 20:30	fractal	87
2026-06-13 20:30	lions	1
2026-06-13 20:30	support	7
2026-06-13 20:30	wiki4d	16
2026-06-13 20:40	buecher	34
2026-06-13 20:40	dse	143
2026-06-13 20:40	fractal	149
2026-06-13 20:40	support	7
2026-06-13 20:40	wiki4d	21
2026-06-13 20:50	buecher	37
2026-06-13 20:50	culios	2
2026-06-13 20:50	dse	114
2026-06-13 20:50	fractal	203
2026-06-13 20:50	nausner	1
2026-06-13 20:50	probier	1
2026-06-13 20:50	support	7
2026-06-13 20:50	wiki4d	24
2026-06-13 21:00	buecher	55
2026-06-13 21:00	dse	157
2026-06-13 21:00	fractal	126
2026-06-13 21:00	lions	1
2026-06-13 21:00	nausner	1
2026-06-13 21:00	support	8
2026-06-13 21:00	wiki4d	35
2026-06-13 21:10	buecher	60
2026-06-13 21:10	culios	7
2026-06-13 21:10	dse	142
2026-06-13 21:10	fractal	160
2026-06-13 21:10	probier	2
2026-06-13 21:10	support	10
2026-06-13 21:10	wiki4d	24
2026-06-13 21:20	buecher	35
2026-06-13 21:20	dse	169
2026-06-13 21:20	fractal	128
2026-06-13 21:20	support	9
2026-06-13 21:20	wiki4d	23
2026-06-13 21:30	buecher	67
2026-06-13 21:30	culios	5
2026-06-13 21:30	dse	114
2026-06-13 21:30	fractal	229
2026-06-13 21:30	nausner	1
2026-06-13 21:30	support	4
2026-06-13 21:30	wiki4d	18
2026-06-13 21:40	buecher	60
2026-06-13 21:40	dse	86
2026-06-13 21:40	fractal	107
2026-06-13 21:40	support	4
2026-06-13 21:40	wiki4d	22
2026-06-13 21:50	buecher	65
2026-06-13 21:50	culios	1
2026-06-13 21:50	dse	82
2026-06-13 21:50	fractal	156
2026-06-13 21:50	probier	2
2026-06-13 21:50	support	10
2026-06-13 21:50	wiki4d	26
2026-06-13 22:00	buecher	46
2026-06-13 22:00	dse	194
2026-06-13 22:00	fractal	101
2026-06-13 22:00	probier	1
2026-06-13 22:00	support	5
2026-06-13 22:00	wiki4d	22
2026-06-13 22:10	buecher	45
2026-06-13 22:10	dse	162
2026-06-13 22:10	fractal	91
2026-06-13 22:10	support	8
2026-06-13 22:10	wiki4d	22
2026-06-13 22:20	buecher	56
2026-06-13 22:20	culios	2
2026-06-13 22:20	dse	91
2026-06-13 22:20	fractal	256
2026-06-13 22:20	support	6
2026-06-13 22:20	wiki4d	26
2026-06-13 22:30	buecher	48
2026-06-13 22:30	dse	108
2026-06-13 22:30	fractal	108
2026-06-13 22:30	support	7
2026-06-13 22:30	wiki4d	27
2026-06-13 22:40	buecher	36
2026-06-13 22:40	dse	142
2026-06-13 22:40	fractal	102
2026-06-13 22:40	lions	1
2026-06-13 22:40	support	12
2026-06-13 22:40	wiki4d	25
2026-06-13 22:50	buecher	39
2026-06-13 22:50	culios	1
2026-06-13 22:50	dse	221
2026-06-13 22:50	fractal	225
2026-06-13 22:50	support	4
2026-06-13 22:50	wiki4d	19
2026-06-13 23:00	buecher	37
2026-06-13 23:00	dse	157
2026-06-13 23:00	fractal	88
2026-06-13 23:00	nausner	1
2026-06-13 23:00	probier	1
2026-06-13 23:00	support	3
2026-06-13 23:00	wiki4d	20
2026-06-13 23:10	buecher	38
2026-06-13 23:10	dse	255
2026-06-13 23:10	fractal	135
2026-06-13 23:10	support	8
2026-06-13 23:10	wiki4d	18
2026-06-13 23:20	buecher	48
2026-06-13 23:20	culios	4
2026-06-13 23:20	dse	192
2026-06-13 23:20	fractal	217
2026-06-13 23:20	support	1
2026-06-13 23:20	wiki4d	16
2026-06-13 23:30	buecher	57
2026-06-13 23:30	dse	133
2026-06-13 23:30	fractal	77
2026-06-13 23:30	nausner	1
2026-06-13 23:30	support	2
2026-06-13 23:30	wiki4d	33
2026-06-13 23:40	buecher	35
2026-06-13 23:40	culios	2
2026-06-13 23:40	dse	135
2026-06-13 23:40	fractal	116
2026-06-13 23:40	probier	1
2026-06-13 23:40	support	3
2026-06-13 23:40	wiki4d	25
2026-06-13 23:50	buecher	76
2026-06-13 23:50	dse	138
2026-06-13 23:50	fractal	131
2026-06-13 23:50	support	3
2026-06-13 23:50	wiki4d	29
2026-06-14 00:00	buecher	43
2026-06-14 00:00	culios	1
2026-06-14 00:00	dse	197
2026-06-14 00:00	fractal	112
2026-06-14 00:00	nausner	1
2026-06-14 00:00	support	1
2026-06-14 00:00	wiki4d	30
2026-06-14 00:10	buecher	56
2026-06-14 00:10	dse	65
2026-06-14 00:10	fractal	85
2026-06-14 00:10	support	3
2026-06-14 00:10	wiki4d	23
2026-06-14 00:20	buecher	65
2026-06-14 00:20	culios	1
2026-06-14 00:20	dse	62
2026-06-14 00:20	fractal	121
2026-06-14 00:20	nausner	1
2026-06-14 00:20	support	4
2026-06-14 00:20	wiki4d	34
2026-06-14 00:30	buecher	41
2026-06-14 00:30	culios	1
2026-06-14 00:30	dse	90
2026-06-14 00:30	fractal	123
2026-06-14 00:30	support	5
2026-06-14 00:30	wiki4d	27
2026-06-14 00:40	buecher	46
2026-06-14 00:40	culios	1
2026-06-14 00:40	dse	142
2026-06-14 00:40	fractal	113
2026-06-14 00:40	support	3
2026-06-14 00:40	wiki4d	33
2026-06-14 00:50	buecher	56
2026-06-14 00:50	dse	168
2026-06-14 00:50	fractal	82
2026-06-14 00:50	lions	1
2026-06-14 00:50	support	2
2026-06-14 00:50	wiki4d	37
2026-06-14 01:00	buecher	56
2026-06-14 01:00	culios	4
2026-06-14 01:00	dse	156
2026-06-14 01:00	fractal	94
2026-06-14 01:00	probier	1
2026-06-14 01:00	support	3
2026-06-14 01:00	wiki4d	18
2026-06-14 01:10	buecher	53
2026-06-14 01:10	dse	130
2026-06-14 01:10	fractal	115
2026-06-14 01:10	support	3
2026-06-14 01:10	wiki4d	32
2026-06-14 01:20	buecher	93
2026-06-14 01:20	culios	1
2026-06-14 01:20	dse	199
2026-06-14 01:20	fractal	91
2026-06-14 01:20	lions	1
2026-06-14 01:20	support	5
2026-06-14 01:20	wiki4d	50
2026-06-14 01:30	buecher	31
2026-06-14 01:30	dse	135
2026-06-14 01:30	fractal	87
2026-06-14 01:30	support	3
2026-06-14 01:30	wiki4d	18
2026-06-14 01:40	buecher	23
2026-06-14 01:40	culios	1
2026-06-14 01:40	dse	130
2026-06-14 01:40	fractal	90
2026-06-14 01:40	probier	1
2026-06-14 01:40	support	4
2026-06-14 01:40	wiki4d	25
2026-06-14 01:50	buecher	46
2026-06-14 01:50	dse	155
2026-06-14 01:50	fractal	81
2026-06-14 01:50	probier	1
2026-06-14 01:50	support	2
2026-06-14 01:50	wiki4d	30
2026-06-14 02:00	buecher	80
2026-06-14 02:00	dse	255
2026-06-14 02:00	fractal	124
2026-06-14 02:00	nausner	3
2026-06-14 02:00	support	2
2026-06-14 02:00	wiki4d	40
2026-06-14 02:10	buecher	40
2026-06-14 02:10	dse	258
2026-06-14 02:10	fractal	118
2026-06-14 02:10	support	5
2026-06-14 02:10	wiki4d	70
2026-06-14 02:20	buecher	46
2026-06-14 02:20	culios	1
2026-06-14 02:20	dse	159
2026-06-14 02:20	fractal	113
2026-06-14 02:20	nausner	2
2026-06-14 02:20	probier	1
2026-06-14 02:20	support	2
2026-06-14 02:20	wiki4d	13
2026-06-14 02:30	buecher	31
2026-06-14 02:30	dse	149
2026-06-14 02:30	fractal	102
2026-06-14 02:30	nausner	1
2026-06-14 02:30	support	6
2026-06-14 02:30	wiki4d	23
2026-06-14 02:40	buecher	33
2026-06-14 02:40	culios	1
2026-06-14 02:40	dse	225
2026-06-14 02:40	fractal	99
2026-06-14 02:40	support	3
2026-06-14 02:40	wiki4d	60
2026-06-14 02:50	buecher	48
2026-06-14 02:50	dse	179
2026-06-14 02:50	fractal	98
2026-06-14 02:50	lions	1
2026-06-14 02:50	probier	1
2026-06-14 02:50	wiki4d	25
2026-06-14 03:00	buecher	27
2026-06-14 03:00	dse	182
2026-06-14 03:00	fractal	119
2026-06-14 03:00	nausner	1
2026-06-14 03:00	support	2
2026-06-14 03:00	wiki4d	21
2026-06-14 03:10	buecher	36
2026-06-14 03:10	dse	192
2026-06-14 03:10	fractal	116
2026-06-14 03:10	lions	1
2026-06-14 03:10	support	3
2026-06-14 03:10	wiki4d	51
2026-06-14 03:20	buecher	60
2026-06-14 03:20	culios	1
2026-06-14 03:20	dse	161
2026-06-14 03:20	fractal	122
2026-06-14 03:20	nausner	1
2026-06-14 03:20	probier	2
2026-06-14 03:20	support	8
2026-06-14 03:20	wiki4d	35
2026-06-14 03:30	buecher	59
2026-06-14 03:30	dse	141
2026-06-14 03:30	fractal	111
2026-06-14 03:30	support	11
2026-06-14 03:30	wiki4d	21
2026-06-14 03:40	buecher	42
2026-06-14 03:40	culios	1
2026-06-14 03:40	dse	131
2026-06-14 03:40	fractal	165
2026-06-14 03:40	lions	1
2026-06-14 03:40	nausner	1
2026-06-14 03:40	probier	1
2026-06-14 03:40	support	3
2026-06-14 03:40	wiki4d	31
2026-06-14 03:50	buecher	33
2026-06-14 03:50	dse	213
2026-06-14 03:50	fractal	105
2026-06-14 03:50	support	2
2026-06-14 03:50	wiki4d	27
2026-06-14 04:00	buecher	58
2026-06-14 04:00	culios	5
2026-06-14 04:00	dse	143
2026-06-14 04:00	fractal	111
2026-06-14 04:00	nausner	1
2026-06-14 04:00	probier	1
2026-06-14 04:00	support	4
2026-06-14 04:00	wiki4d	27
2026-06-14 04:10	buecher	29
2026-06-14 04:10	dse	86
2026-06-14 04:10	fractal	80
2026-06-14 04:10	support	2
2026-06-14 04:10	wiki4d	11
2026-06-14 04:20	buecher	40
2026-06-14 04:20	culios	1
2026-06-14 04:20	dse	80
2026-06-14 04:20	fractal	75
2026-06-14 04:20	support	4
2026-06-14 04:20	wiki4d	36
2026-06-14 04:30	buecher	21
2026-06-14 04:30	dse	161
2026-06-14 04:30	fractal	59
2026-06-14 04:30	support	5
2026-06-14 04:30	wiki4d	10
2026-06-14 04:40	buecher	31
2026-06-14 04:40	dse	120
2026-06-14 04:40	fractal	119
2026-06-14 04:40	support	2
2026-06-14 04:40	wiki4d	22
2026-06-14 04:50	buecher	21
2026-06-14 04:50	culios	1
2026-06-14 04:50	dse	88
2026-06-14 04:50	fractal	159
2026-06-14 04:50	probier	1
2026-06-14 04:50	support	1
2026-06-14 04:50	wiki4d	41
2026-06-14 05:00	buecher	18
2026-06-14 05:00	dse	187
2026-06-14 05:00	fractal	123
2026-06-14 05:00	support	5
2026-06-14 05:00	wiki4d	32
2026-06-14 05:10	buecher	17
2026-06-14 05:10	dse	150
2026-06-14 05:10	fractal	69
2026-06-14 05:10	support	2
2026-06-14 05:10	wiki4d	21
2026-06-14 05:20	buecher	40
2026-06-14 05:20	dse	91
2026-06-14 05:20	fractal	81
2026-06-14 05:20	support	4
2026-06-14 05:20	wiki4d	31
2026-06-14 05:30	buecher	62
2026-06-14 05:30	dse	79
2026-06-14 05:30	fractal	141
2026-06-14 05:30	support	1
2026-06-14 05:30	wiki4d	22
2026-06-14 05:40	buecher	66
2026-06-14 05:40	culios	1
2026-06-14 05:40	dse	65
2026-06-14 05:40	fractal	120
2026-06-14 05:40	support	3
2026-06-14 05:40	wiki4d	45
2026-06-14 05:50	buecher	61
2026-06-14 05:50	dse	124
2026-06-14 05:50	fractal	60
2026-06-14 05:50	support	7
2026-06-14 05:50	wiki4d	20
2026-06-14 06:00	buecher	114
2026-06-14 06:00	dse	164
2026-06-14 06:00	fractal	118
2026-06-14 06:00	support	1
2026-06-14 06:00	wiki4d	33
2026-06-14 06:10	buecher	39
2026-06-14 06:10	dse	124
2026-06-14 06:10	fractal	291
2026-06-14 06:10	support	13
2026-06-14 06:10	wiki4d	39
2026-06-14 06:20	buecher	14
2026-06-14 06:20	dse	590
2026-06-14 06:20	fractal	284
2026-06-14 06:20	nausner	3
2026-06-14 06:20	probier	2
2026-06-14 06:20	support	91
2026-06-14 06:20	wiki4d	49
2026-06-14 06:30	buecher	15
2026-06-14 06:30	culios	1
2026-06-14 06:30	dse	432
2026-06-14 06:30	fractal	190
2026-06-14 06:30	support	211
2026-06-14 06:30	wiki4d	42
2026-06-14 06:40	buecher	26
2026-06-14 06:40	dse	146
2026-06-14 06:40	fractal	163
2026-06-14 06:40	lions	1
2026-06-14 06:40	support	2
2026-06-14 06:40	wiki4d	22
2026-06-14 06:50	buecher	22
2026-06-14 06:50	dse	113
2026-06-14 06:50	fractal	178
2026-06-14 06:50	lions	1
2026-06-14 06:50	support	2
2026-06-14 06:50	wiki4d	27
2026-06-14 07:00	buecher	12
2026-06-14 07:00	culios	3
2026-06-14 07:00	dse	124
2026-06-14 07:00	fractal	152
2026-06-14 07:00	nausner	1
2026-06-14 07:00	support	4
2026-06-14 07:00	wiki4d	35
2026-06-14 07:10	buecher	16
2026-06-14 07:10	dse	188
2026-06-14 07:10	fractal	113
2026-06-14 07:10	lions	1
2026-06-14 07:10	probier	4
2026-06-14 07:10	support	6
2026-06-14 07:10	wiki4d	40
2026-06-14 07:20	buecher	59
2026-06-14 07:20	culios	2
2026-06-14 07:20	dse	168
2026-06-14 07:20	fractal	103
2026-06-14 07:20	nausner	3
2026-06-14 07:20	support	2
2026-06-14 07:20	wiki4d	42
2026-06-14 07:30	buecher	54
2026-06-14 07:30	dse	156
2026-06-14 07:30	fractal	174
2026-06-14 07:30	lions	1
2026-06-14 07:30	nausner	1
2026-06-14 07:30	support	13
2026-06-14 07:30	wiki4d	16
2026-06-14 07:40	buecher	71
2026-06-14 07:40	culios	2
2026-06-14 07:40	dse	147
2026-06-14 07:40	fractal	156
2026-06-14 07:40	support	19
2026-06-14 07:40	wiki4d	36
2026-06-14 07:50	buecher	57
2026-06-14 07:50	dse	115
2026-06-14 07:50	fractal	103
2026-06-14 07:50	nausner	1
2026-06-14 07:50	probier	1
2026-06-14 07:50	support	11
2026-06-14 07:50	wiki4d	43
2026-06-14 08:00	buecher	49
2026-06-14 08:00	dse	128
2026-06-14 08:00	fractal	99
2026-06-14 08:00	support	5
2026-06-14 08:00	wiki4d	51
2026-06-14 08:10	buecher	431
2026-06-14 08:10	dse	90
2026-06-14 08:10	fractal	118
2026-06-14 08:10	lions	2
2026-06-14 08:10	probier	3
2026-06-14 08:10	support	2
2026-06-14 08:10	wiki4d	30
2026-06-14 08:20	buecher	67
2026-06-14 08:20	dse	61
2026-06-14 08:20	fractal	205
2026-06-14 08:20	probier	2
2026-06-14 08:20	support	4
2026-06-14 08:20	wiki4d	43
2026-06-14 08:30	buecher	55
2026-06-14 08:30	dse	122
2026-06-14 08:30	fractal	311
2026-06-14 08:30	probier	1
2026-06-14 08:30	support	5
2026-06-14 08:30	wiki4d	18
2026-06-14 08:40	buecher	62
2026-06-14 08:40	culios	1
2026-06-14 08:40	dse	101
2026-06-14 08:40	fractal	179
2026-06-14 08:40	support	1
2026-06-14 08:40	wiki4d	46
2026-06-14 08:50	buecher	63
2026-06-14 08:50	dse	89
2026-06-14 08:50	fractal	177
2026-06-14 08:50	wiki4d	23
2026-06-14 09:00	buecher	53
2026-06-14 09:00	dse	142
2026-06-14 09:00	fractal	207
2026-06-14 09:00	nausner	1
2026-06-14 09:00	support	7
2026-06-14 09:00	wiki4d	41
2026-06-14 09:10	buecher	53
2026-06-14 09:10	dse	155
2026-06-14 09:10	fractal	119
2026-06-14 09:10	lions	9
2026-06-14 09:10	nausner	1
2026-06-14 09:10	support	3
2026-06-14 09:10	wiki4d	36
2026-06-14 09:20	buecher	47
2026-06-14 09:20	dse	207
2026-06-14 09:20	fractal	143
2026-06-14 09:20	lions	1
2026-06-14 09:20	nausner	1
2026-06-14 09:20	support	8
2026-06-14 09:20	wiki4d	36
2026-06-14 09:30	buecher	17
2026-06-14 09:30	dse	100
2026-06-14 09:30	fractal	176
2026-06-14 09:30	wiki4d	37
2026-06-14 09:40	buecher	324
2026-06-14 09:40	culios	1
2026-06-14 09:40	dse	115
2026-06-14 09:40	fractal	161
2026-06-14 09:40	support	5
2026-06-14 09:40	wiki4d	28
2026-06-14 09:50	buecher	620
2026-06-14 09:50	culios	5
2026-06-14 09:50	dse	125
2026-06-14 09:50	fractal	127
2026-06-14 09:50	probier	1
2026-06-14 09:50	support	9
2026-06-14 09:50	wiki4d	23
2026-06-14 10:00	buecher	626
2026-06-14 10:00	culios	1
2026-06-14 10:00	dse	169
2026-06-14 10:00	fractal	104
2026-06-14 10:00	support	6
2026-06-14 10:00	wiki4d	39
2026-06-14 10:10	buecher	48
2026-06-14 10:10	culios	1
2026-06-14 10:10	dse	190
2026-06-14 10:10	fractal	153
2026-06-14 10:10	nausner	1
2026-06-14 10:10	support	527
2026-06-14 10:10	wiki4d	37
2026-06-14 10:20	buecher	28
2026-06-14 10:20	dse	96
2026-06-14 10:20	fractal	189
2026-06-14 10:20	lions	1
2026-06-14 10:20	support	601
2026-06-14 10:20	wiki4d	136
2026-06-14 10:30	buecher	41
2026-06-14 10:30	dse	161
2026-06-14 10:30	fractal	164
2026-06-14 10:30	lions	5
2026-06-14 10:30	probier	1
2026-06-14 10:30	support	606
2026-06-14 10:30	wiki4d	19
2026-06-14 10:40	buecher	42
2026-06-14 10:40	culios	1
2026-06-14 10:40	dse	189
2026-06-14 10:40	fractal	138
2026-06-14 10:40	probier	1
2026-06-14 10:40	support	607
2026-06-14 10:40	wiki4d	15
2026-06-14 10:50	buecher	30
2026-06-14 10:50	culios	1
2026-06-14 10:50	dse	168
2026-06-14 10:50	fractal	165
2026-06-14 10:50	nausner	2
2026-06-14 10:50	probier	1
2026-06-14 10:50	support	606
2026-06-14 10:50	wiki4d	20
2026-06-14 11:00	buecher	46
2026-06-14 11:00	dse	192
2026-06-14 11:00	fractal	148
2026-06-14 11:00	support	391
2026-06-14 11:00	wiki4d	16
2026-06-14 11:10	buecher	66
2026-06-14 11:10	dse	182
2026-06-14 11:10	fractal	172
2026-06-14 11:10	probier	1
2026-06-14 11:10	support	3
2026-06-14 11:10	wiki4d	20
2026-06-14 11:20	buecher	60
2026-06-14 11:20	dse	169
2026-06-14 11:20	fractal	119
2026-06-14 11:20	probier	2
2026-06-14 11:20	support	8
2026-06-14 11:20	wiki4d	22
2026-06-14 11:30	buecher	40
2026-06-14 11:30	dse	139
2026-06-14 11:30	fractal	162
2026-06-14 11:30	nausner	4
2026-06-14 11:30	support	3
2026-06-14 11:30	wiki4d	19
2026-06-14 11:40	buecher	51
2026-06-14 11:40	dse	146
2026-06-14 11:40	fractal	236
2026-06-14 11:40	probier	1
2026-06-14 11:40	support	8
2026-06-14 11:40	wiki4d	18
2026-06-14 11:50	buecher	32
2026-06-14 11:50	dse	192
2026-06-14 11:50	fractal	239
2026-06-14 11:50	lions	1
2026-06-14 11:50	support	5
2026-06-14 11:50	wiki4d	32
2026-06-14 12:00	buecher	16
2026-06-14 12:00	dse	242
2026-06-14 12:00	fractal	139
2026-06-14 12:00	lions	1
2026-06-14 12:00	support	2
2026-06-14 12:00	wiki4d	39
2026-06-14 12:10	buecher	23
2026-06-14 12:10	dse	221
2026-06-14 12:10	fractal	130
2026-06-14 12:10	lions	1
2026-06-14 12:10	support	6
2026-06-14 12:10	wiki4d	18
2026-06-14 12:20	buecher	44
2026-06-14 12:20	dse	162
2026-06-14 12:20	fractal	148
2026-06-14 12:20	support	2
2026-06-14 12:20	wiki4d	23
2026-06-14 12:30	buecher	36
2026-06-14 12:30	culios	4
2026-06-14 12:30	dse	223
2026-06-14 12:30	fractal	201
2026-06-14 12:30	probier	1
2026-06-14 12:30	support	1
2026-06-14 12:30	wiki4d	27
2026-06-14 12:40	buecher	56
2026-06-14 12:40	culios	2
2026-06-14 12:40	dse	173
2026-06-14 12:40	fractal	144
2026-06-14 12:40	nausner	1
2026-06-14 12:40	support	5
2026-06-14 12:40	wiki4d	16
2026-06-14 12:50	buecher	53
2026-06-14 12:50	dse	147
2026-06-14 12:50	fractal	128
2026-06-14 12:50	support	4
2026-06-14 12:50	wiki4d	29
2026-06-14 13:00	buecher	61
2026-06-14 13:00	dse	179
2026-06-14 13:00	fractal	149
2026-06-14 13:00	nausner	1
2026-06-14 13:00	support	3
2026-06-14 13:00	wiki4d	19
2026-06-14 13:10	buecher	61
2026-06-14 13:10	dse	190
2026-06-14 13:10	fractal	693
2026-06-14 13:10	support	1
2026-06-14 13:10	wiki4d	24
2026-06-14 13:20	buecher	87
2026-06-14 13:20	culios	12
2026-06-14 13:20	dse	156
2026-06-14 13:20	fractal	1033
2026-06-14 13:20	lions	1
2026-06-14 13:20	probier	1
2026-06-14 13:20	support	5
2026-06-14 13:20	wiki4d	59
2026-06-14 13:30	buecher	75
2026-06-14 13:30	dse	119
2026-06-14 13:30	fractal	817
2026-06-14 13:30	support	13
2026-06-14 13:30	wiki4d	33
2026-06-14 13:40	buecher	65
2026-06-14 13:40	dse	115
2026-06-14 13:40	fractal	981
2026-06-14 13:40	lions	1
2026-06-14 13:40	nausner	1
2026-06-14 13:40	support	11
2026-06-14 13:40	wiki4d	20
2026-06-14 13:50	buecher	84
2026-06-14 13:50	dse	153
2026-06-14 13:50	fractal	883
2026-06-14 13:50	probier	3
2026-06-14 13:50	support	24
2026-06-14 13:50	wiki4d	27
2026-06-14 14:00	buecher	83
2026-06-14 14:00	culios	1
2026-06-14 14:00	dse	111
2026-06-14 14:00	fractal	756
2026-06-14 14:00	nausner	1
2026-06-14 14:00	support	18
2026-06-14 14:00	wiki4d	18
2026-06-14 14:10	buecher	89
2026-06-14 14:10	dse	65
2026-06-14 14:10	fractal	974
2026-06-14 14:10	lions	96
2026-06-14 14:10	support	8
2026-06-14 14:10	wiki4d	25
2026-06-14 14:20	buecher	104
2026-06-14 14:20	culios	2
2026-06-14 14:20	dse	55
2026-06-14 14:20	fractal	1038
2026-06-14 14:20	lions	253
2026-06-14 14:20	support	2
2026-06-14 14:20	wiki4d	52
2026-06-14 14:30	buecher	74
2026-06-14 14:30	culios	3
2026-06-14 14:30	dse	61
2026-06-14 14:30	fractal	1209
2026-06-14 14:30	lions	204
2026-06-14 14:30	nausner	3
2026-06-14 14:30	support	5
2026-06-14 14:30	wiki4d	24
2026-06-14 14:40	buecher	48
2026-06-14 14:40	culios	5
2026-06-14 14:40	dse	77
2026-06-14 14:40	fractal	1148
2026-06-14 14:40	lions	137
2026-06-14 14:40	probier	1
2026-06-14 14:40	support	8
2026-06-14 14:40	wiki4d	23
2026-06-14 14:50	buecher	25
2026-06-14 14:50	culios	2
2026-06-14 14:50	dse	76
2026-06-14 14:50	fractal	1162
2026-06-14 14:50	nausner	4
2026-06-14 14:50	support	6
2026-06-14 14:50	wiki4d	22
2026-06-14 15:00	buecher	49
2026-06-14 15:00	culios	16
2026-06-14 15:00	dse	100
2026-06-14 15:00	fractal	1192
2026-06-14 15:00	nausner	1
2026-06-14 15:00	probier	2
2026-06-14 15:00	support	1
2026-06-14 15:00	wiki4d	19
2026-06-14 15:10	buecher	46
2026-06-14 15:10	culios	431
2026-06-14 15:10	dse	64
2026-06-14 15:10	fractal	1012
2026-06-14 15:10	probier	1
2026-06-14 15:10	support	14
2026-06-14 15:10	wiki4d	29
2026-06-14 15:20	buecher	38
2026-06-14 15:20	culios	218
2026-06-14 15:20	dse	39
2026-06-14 15:20	fractal	1114
2026-06-14 15:20	probier	1
2026-06-14 15:20	support	2
2026-06-14 15:20	wiki4d	24
2026-06-14 15:30	buecher	41
2026-06-14 15:30	culios	184
2026-06-14 15:30	dse	65
2026-06-14 15:30	fractal	1313
2026-06-14 15:30	nausner	2
2026-06-14 15:30	probier	1
2026-06-14 15:30	support	9
2026-06-14 15:30	wiki4d	19
2026-06-14 15:40	buecher	58
2026-06-14 15:40	dse	49
2026-06-14 15:40	fractal	727
2026-06-14 15:40	support	3
2026-06-14 15:40	wiki4d	26
2026-06-14 15:50	buecher	40
2026-06-14 15:50	culios	2
2026-06-14 15:50	dse	53
2026-06-14 15:50	fractal	102
2026-06-14 15:50	probier	1
2026-06-14 15:50	support	3
2026-06-14 15:50	wiki4d	27
2026-06-14 16:00	buecher	52
2026-06-14 16:00	dse	39
2026-06-14 16:00	fractal	266
2026-06-14 16:00	lions	25
2026-06-14 16:00	support	19
2026-06-14 16:00	wiki4d	18
2026-06-14 16:10	buecher	44
2026-06-14 16:10	dse	58
2026-06-14 16:10	fractal	134
2026-06-14 16:10	lions	231
2026-06-14 16:10	nausner	5
2026-06-14 16:10	probier	1
2026-06-14 16:10	support	100
2026-06-14 16:10	wiki4d	35
2026-06-14 16:20	buecher	43
2026-06-14 16:20	dse	46
2026-06-14 16:20	fractal	138
2026-06-14 16:20	lions	202
2026-06-14 16:20	probier	1
2026-06-14 16:20	support	2
2026-06-14 16:20	wiki4d	16
2026-06-14 16:30	buecher	41
2026-06-14 16:30	culios	1
2026-06-14 16:30	dse	94
2026-06-14 16:30	fractal	149
2026-06-14 16:30	lions	191
2026-06-14 16:30	support	2
2026-06-14 16:30	wiki4d	23
2026-06-14 16:40	buecher	59
2026-06-14 16:40	culios	1
2026-06-14 16:40	dse	481
2026-06-14 16:40	fractal	290
2026-06-14 16:40	support	3
2026-06-14 16:40	wiki4d	31
2026-06-14 16:50	buecher	37
2026-06-14 16:50	culios	1
2026-06-14 16:50	dse	475
2026-06-14 16:50	fractal	306
2026-06-14 16:50	nausner	1
2026-06-14 16:50	probier	1
2026-06-14 16:50	support	3
2026-06-14 16:50	wiki4d	42
2026-06-14 17:00	buecher	39
2026-06-14 17:00	culios	3
2026-06-14 17:00	dse	326
2026-06-14 17:00	fractal	177
2026-06-14 17:00	probier	2
2026-06-14 17:00	support	5
2026-06-14 17:00	wiki4d	18
2026-06-14 17:10	buecher	29
2026-06-14 17:10	culios	1
2026-06-14 17:10	dse	183
2026-06-14 17:10	fractal	200
2026-06-14 17:10	lions	1
2026-06-14 17:10	nausner	1
2026-06-14 17:10	support	3
2026-06-14 17:10	wiki4d	25
2026-06-14 17:20	buecher	74
2026-06-14 17:20	culios	5
2026-06-14 17:20	dse	214
2026-06-14 17:20	fractal	170
2026-06-14 17:20	nausner	2
2026-06-14 17:20	probier	4
2026-06-14 17:20	support	2
2026-06-14 17:20	wiki4d	32
2026-06-14 17:30	buecher	52
2026-06-14 17:30	dse	215
2026-06-14 17:30	fractal	217
2026-06-14 17:30	lions	1
2026-06-14 17:30	probier	3
2026-06-14 17:30	support	2
2026-06-14 17:30	wiki4d	28
2026-06-14 17:40	buecher	104
2026-06-14 17:40	dse	144
2026-06-14 17:40	fractal	197
2026-06-14 17:40	nausner	1
2026-06-14 17:40	probier	3
2026-06-14 17:40	support	5
2026-06-14 17:40	wiki4d	22
2026-06-14 17:50	buecher	82
2026-06-14 17:50	dse	125
2026-06-14 17:50	fractal	127
2026-06-14 17:50	lions	1
2026-06-14 17:50	nausner	1
2026-06-14 17:50	probier	3
2026-06-14 17:50	support	1
2026-06-14 17:50	wiki4d	26
2026-06-14 18:00	buecher	76
2026-06-14 18:00	culios	1
2026-06-14 18:00	dse	189
2026-06-14 18:00	fractal	174
2026-06-14 18:00	nausner	1
2026-06-14 18:00	probier	3
2026-06-14 18:00	support	9
2026-06-14 18:00	wiki4d	47
2026-06-14 18:10	buecher	102
2026-06-14 18:10	dse	132
2026-06-14 18:10	fractal	134
2026-06-14 18:10	lions	2
2026-06-14 18:10	nausner	2
2026-06-14 18:10	wiki4d	36
2026-06-14 18:20	buecher	77
2026-06-14 18:20	dse	183
2026-06-14 18:20	fractal	183
2026-06-14 18:20	probier	1
2026-06-14 18:20	support	8
2026-06-14 18:20	wiki4d	21
2026-06-14 18:30	buecher	90
2026-06-14 18:30	dse	68
2026-06-14 18:30	fractal	90
2026-06-14 18:30	support	4
2026-06-14 18:30	wiki4d	42
2026-06-14 18:40	buecher	71
2026-06-14 18:40	dse	85
2026-06-14 18:40	fractal	119
2026-06-14 18:40	support	4
2026-06-14 18:40	wiki4d	30
2026-06-14 18:50	buecher	56
2026-06-14 18:50	culios	2
2026-06-14 18:50	dse	51
2026-06-14 18:50	fractal	186
2026-06-14 18:50	support	2
2026-06-14 18:50	wiki4d	30
2026-06-14 19:00	buecher	82
2026-06-14 19:00	culios	3
2026-06-14 19:00	dse	90
2026-06-14 19:00	fractal	122
2026-06-14 19:00	lions	1
2026-06-14 19:00	probier	10
2026-06-14 19:00	support	3
2026-06-14 19:00	wiki4d	19
2026-06-14 19:10	buecher	46
2026-06-14 19:10	dse	131
2026-06-14 19:10	fractal	133
2026-06-14 19:10	nausner	3
2026-06-14 19:10	probier	1
2026-06-14 19:10	support	3
2026-06-14 19:10	wiki4d	36
2026-06-14 19:20	buecher	45
2026-06-14 19:20	culios	2
2026-06-14 19:20	dse	156
2026-06-14 19:20	fractal	177
2026-06-14 19:20	lions	1
2026-06-14 19:20	nausner	1
2026-06-14 19:20	probier	1
2026-06-14 19:20	support	13
2026-06-14 19:20	wiki4d	31
2026-06-14 19:30	buecher	37
2026-06-14 19:30	dse	201
2026-06-14 19:30	fractal	272
2026-06-14 19:30	probier	1
2026-06-14 19:30	support	4
2026-06-14 19:30	wiki4d	23
2026-06-14 19:40	buecher	50
2026-06-14 19:40	dse	689
2026-06-14 19:40	fractal	203
2026-06-14 19:40	nausner	1
2026-06-14 19:40	support	2
2026-06-14 19:40	wiki4d	16
2026-06-14 19:50	buecher	36
2026-06-14 19:50	dse	706
2026-06-14 19:50	fractal	114
2026-06-14 19:50	nausner	1
2026-06-14 19:50	probier	2
2026-06-14 19:50	support	5
2026-06-14 19:50	wiki4d	31
2026-06-14 20:00	buecher	35
2026-06-14 20:00	culios	1
2026-06-14 20:00	dse	534
2026-06-14 20:00	fractal	137
2026-06-14 20:00	probier	1
2026-06-14 20:00	support	5
2026-06-14 20:00	wiki4d	16
2026-06-14 20:10	buecher	26
2026-06-14 20:10	culios	1
2026-06-14 20:10	dse	84
2026-06-14 20:10	fractal	131
2026-06-14 20:10	support	4
2026-06-14 20:10	wiki4d	20
2026-06-14 20:20	buecher	108
2026-06-14 20:20	culios	3
2026-06-14 20:20	dse	89
2026-06-14 20:20	fractal	200
2026-06-14 20:20	support	3
2026-06-14 20:20	wiki4d	26
2026-06-14 20:30	buecher	70
2026-06-14 20:30	culios	1
2026-06-14 20:30	dse	45
2026-06-14 20:30	fractal	83
2026-06-14 20:30	probier	1
2026-06-14 20:30	support	1
2026-06-14 20:30	wiki4d	24
2026-06-14 20:40	buecher	61
2026-06-14 20:40	dse	122
2026-06-14 20:40	fractal	70
2026-06-14 20:40	nausner	2
2026-06-14 20:40	support	7
2026-06-14 20:40	wiki4d	19
2026-06-14 20:50	buecher	79
2026-06-14 20:50	dse	136
2026-06-14 20:50	fractal	187
2026-06-14 20:50	lions	1
2026-06-14 20:50	nausner	1
2026-06-14 20:50	probier	1
2026-06-14 20:50	support	2
2026-06-14 20:50	wiki4d	20
2026-06-14 21:00	buecher	73
2026-06-14 21:00	dse	137
2026-06-14 21:00	fractal	149
2026-06-14 21:00	probier	2
2026-06-14 21:00	support	2
2026-06-14 21:00	wiki4d	33
2026-06-14 21:10	buecher	80
2026-06-14 21:10	culios	1
2026-06-14 21:10	dse	161
2026-06-14 21:10	fractal	98
2026-06-14 21:10	probier	1
2026-06-14 21:10	support	5
2026-06-14 21:10	wiki4d	23
2026-06-14 21:20	buecher	63
2026-06-14 21:20	dse	88
2026-06-14 21:20	fractal	140
2026-06-14 21:20	support	2
2026-06-14 21:20	wiki4d	12
2026-06-14 21:30	buecher	77
2026-06-14 21:30	dse	109
2026-06-14 21:30	fractal	225
2026-06-14 21:30	wiki4d	56
2026-06-14 21:40	buecher	78
2026-06-14 21:40	dse	97
2026-06-14 21:40	fractal	120
2026-06-14 21:40	nausner	1
2026-06-14 21:40	probier	1
2026-06-14 21:40	support	12
2026-06-14 21:40	wiki4d	26
2026-06-14 21:50	buecher	62
2026-06-14 21:50	culios	3
2026-06-14 21:50	dse	57
2026-06-14 21:50	fractal	85
2026-06-14 21:50	nausner	1
2026-06-14 21:50	probier	1
2026-06-14 21:50	support	3
2026-06-14 21:50	wiki4d	22
2026-06-14 22:00	buecher	59
2026-06-14 22:00	dse	103
2026-06-14 22:00	fractal	135
2026-06-14 22:00	support	6
2026-06-14 22:00	wiki4d	43
2026-06-14 22:10	buecher	91
2026-06-14 22:10	dse	121
2026-06-14 22:10	fractal	177
2026-06-14 22:10	nausner	1
2026-06-14 22:10	support	2
2026-06-14 22:10	wiki4d	36
2026-06-14 22:20	buecher	49
2026-06-14 22:20	culios	1
2026-06-14 22:20	dse	92
2026-06-14 22:20	fractal	162
2026-06-14 22:20	nausner	1
2026-06-14 22:20	support	1
2026-06-14 22:20	wiki4d	17
2026-06-14 22:30	buecher	21
2026-06-14 22:30	dse	120
2026-06-14 22:30	fractal	120
2026-06-14 22:30	support	8
2026-06-14 22:30	wiki4d	16
2026-06-14 22:40	buecher	28
2026-06-14 22:40	dse	84
2026-06-14 22:40	fractal	118
2026-06-14 22:40	nausner	1
2026-06-14 22:40	support	3
2026-06-14 22:40	wiki4d	14
2026-06-14 22:50	buecher	62
2026-06-14 22:50	dse	94
2026-06-14 22:50	fractal	227
2026-06-14 22:50	nausner	2
2026-06-14 22:50	support	3
2026-06-14 22:50	wiki4d	56
2026-06-14 23:00	buecher	14
2026-06-14 23:00	culios	1
2026-06-14 23:00	dse	115
2026-06-14 23:00	fractal	188
2026-06-14 23:00	probier	1
2026-06-14 23:00	support	3
2026-06-14 23:00	wiki4d	30
2026-06-14 23:10	buecher	76
2026-06-14 23:10	dse	72
2026-06-14 23:10	fractal	215
2026-06-14 23:10	lions	1
2026-06-14 23:10	support	4
2026-06-14 23:10	wiki4d	30
2026-06-14 23:20	buecher	51
2026-06-14 23:20	dse	83
2026-06-14 23:20	fractal	128
2026-06-14 23:20	support	3
2026-06-14 23:20	wiki4d	23
2026-06-14 23:30	buecher	24
2026-06-14 23:30	culios	2
2026-06-14 23:30	dse	89
2026-06-14 23:30	fractal	164
2026-06-14 23:30	nausner	2
2026-06-14 23:30	support	4
2026-06-14 23:30	wiki4d	52
2026-06-14 23:40	buecher	37
2026-06-14 23:40	dse	187
2026-06-14 23:40	fractal	156
2026-06-14 23:40	lions	1
2026-06-14 23:40	nausner	1
2026-06-14 23:40	probier	2
2026-06-14 23:40	support	2
2026-06-14 23:40	wiki4d	32
2026-06-14 23:50	buecher	46
2026-06-14 23:50	culios	4
2026-06-14 23:50	dse	109
2026-06-14 23:50	fractal	178
2026-06-14 23:50	support	2
2026-06-14 23:50	wiki4d	19
2026-06-15 00:00	buecher	63
2026-06-15 00:00	culios	2
2026-06-15 00:00	dse	122
2026-06-15 00:00	fractal	156
2026-06-15 00:00	lions	1
2026-06-15 00:00	probier	1
2026-06-15 00:00	support	5
2026-06-15 00:00	wiki4d	23
2026-06-15 00:10	buecher	41
2026-06-15 00:10	culios	1
2026-06-15 00:10	dse	134
2026-06-15 00:10	fractal	181
2026-06-15 00:10	lions	2
2026-06-15 00:10	nausner	1
2026-06-15 00:10	support	2
2026-06-15 00:10	wiki4d	61
2026-06-15 00:20	buecher	35
2026-06-15 00:20	culios	2
2026-06-15 00:20	dse	115
2026-06-15 00:20	fractal	148
2026-06-15 00:20	lions	1
2026-06-15 00:20	nausner	3
2026-06-15 00:20	support	5
2026-06-15 00:20	wiki4d	18
2026-06-15 00:30	buecher	49
2026-06-15 00:30	culios	4
2026-06-15 00:30	dse	110
2026-06-15 00:30	fractal	187
2026-06-15 00:30	nausner	1
2026-06-15 00:30	support	10
2026-06-15 00:30	wiki4d	25
2026-06-15 00:40	buecher	60
2026-06-15 00:40	dse	95
2026-06-15 00:40	fractal	112
2026-06-15 00:40	nausner	1
2026-06-15 00:40	support	10
2026-06-15 00:40	wiki4d	46
2026-06-15 00:50	buecher	9
2026-06-15 00:50	dse	60
2026-06-15 00:50	fractal	86
2026-06-15 00:50	nausner	7
2026-06-15 00:50	probier	1
2026-06-15 00:50	support	1
2026-06-15 00:50	wiki4d	16
2026-06-15 01:00	buecher	11
2026-06-15 01:00	dse	94
2026-06-15 01:00	fractal	84
2026-06-15 01:00	support	2
2026-06-15 01:00	wiki4d	14
2026-06-15 01:10	buecher	74
2026-06-15 01:10	culios	1
2026-06-15 01:10	dse	77
2026-06-15 01:10	fractal	105
2026-06-15 01:10	probier	1
2026-06-15 01:10	support	2
2026-06-15 01:10	wiki4d	24
2026-06-15 01:20	buecher	71
2026-06-15 01:20	dse	103
2026-06-15 01:20	fractal	87
2026-06-15 01:20	support	5
2026-06-15 01:20	wiki4d	37
2026-06-15 01:30	buecher	60
2026-06-15 01:30	dse	54
2026-06-15 01:30	fractal	57
2026-06-15 01:30	lions	1
2026-06-15 01:30	nausner	2
2026-06-15 01:30	support	4
2026-06-15 01:30	wiki4d	23
2026-06-15 01:40	buecher	62
2026-06-15 01:40	dse	29
2026-06-15 01:40	fractal	135
2026-06-15 01:40	support	2
2026-06-15 01:40	wiki4d	21
2026-06-15 01:50	buecher	78
2026-06-15 01:50	dse	40
2026-06-15 01:50	fractal	141
2026-06-15 01:50	nausner	1
2026-06-15 01:50	support	4
2026-06-15 01:50	wiki4d	34
2026-06-15 02:00	buecher	67
2026-06-15 02:00	dse	73
2026-06-15 02:00	fractal	99
2026-06-15 02:00	nausner	2
2026-06-15 02:00	support	2
2026-06-15 02:00	wiki4d	22
2026-06-15 02:10	buecher	16
2026-06-15 02:10	dse	83
2026-06-15 02:10	fractal	155
2026-06-15 02:10	support	1
2026-06-15 02:10	wiki4d	47
2026-06-15 02:20	buecher	31
2026-06-15 02:20	culios	1
2026-06-15 02:20	dse	82
2026-06-15 02:20	fractal	160
2026-06-15 02:20	lions	4
2026-06-15 02:20	nausner	2
2026-06-15 02:20	probier	2
2026-06-15 02:20	support	1
2026-06-15 02:20	wiki4d	35
2026-06-15 02:30	buecher	15
2026-06-15 02:30	dse	54
2026-06-15 02:30	fractal	100
2026-06-15 02:30	support	2
2026-06-15 02:30	wiki4d	17
2026-06-15 02:40	buecher	30
2026-06-15 02:40	dse	74
2026-06-15 02:40	fractal	230
2026-06-15 02:40	support	1
2026-06-15 02:40	wiki4d	27
2026-06-15 02:50	buecher	26
2026-06-15 02:50	dse	116
2026-06-15 02:50	fractal	126
2026-06-15 02:50	support	8
2026-06-15 02:50	wiki4d	30
2026-06-15 03:00	buecher	12
2026-06-15 03:00	dse	96
2026-06-15 03:00	fractal	117
2026-06-15 03:00	wiki4d	22
2026-06-15 03:10	buecher	7
2026-06-15 03:10	dse	120
2026-06-15 03:10	fractal	190
2026-06-15 03:10	support	4
2026-06-15 03:10	wiki4d	25
2026-06-15 03:20	buecher	35
2026-06-15 03:20	dse	80
2026-06-15 03:20	fractal	239
2026-06-15 03:20	nausner	1
2026-06-15 03:20	probier	1
2026-06-15 03:20	support	4
2026-06-15 03:20	wiki4d	31
2026-06-15 03:30	buecher	60
2026-06-15 03:30	dse	113
2026-06-15 03:30	fractal	167
2026-06-15 03:30	lions	3
2026-06-15 03:30	probier	6
2026-06-15 03:30	support	7
2026-06-15 03:30	wiki4d	18
2026-06-15 03:40	buecher	42
2026-06-15 03:40	dse	94
2026-06-15 03:40	fractal	399
2026-06-15 03:40	lions	11
2026-06-15 03:40	probier	5
2026-06-15 03:40	support	4
2026-06-15 03:40	wiki4d	40
2026-06-15 03:50	buecher	23
2026-06-15 03:50	dse	94
2026-06-15 03:50	fractal	281
2026-06-15 03:50	lions	6
2026-06-15 03:50	nausner	1
2026-06-15 03:50	probier	2
2026-06-15 03:50	support	4
2026-06-15 03:50	wiki4d	31
2026-06-15 04:00	buecher	39
2026-06-15 04:00	dse	149
2026-06-15 04:00	fractal	378
2026-06-15 04:00	probier	1
2026-06-15 04:00	support	3
2026-06-15 04:00	wiki4d	52
2026-06-15 04:10	buecher	45
2026-06-15 04:10	dse	111
2026-06-15 04:10	fractal	417
2026-06-15 04:10	lions	2
2026-06-15 04:10	nausner	1
2026-06-15 04:10	support	2
2026-06-15 04:10	wiki4d	28
2026-06-15 04:20	buecher	36
2026-06-15 04:20	dse	150
2026-06-15 04:20	fractal	303
2026-06-15 04:20	support	6
2026-06-15 04:20	wiki4d	31
2026-06-15 04:30	buecher	41
2026-06-15 04:30	dse	133
2026-06-15 04:30	fractal	266
2026-06-15 04:30	nausner	1
2026-06-15 04:30	probier	1
2026-06-15 04:30	support	6
2026-06-15 04:30	wiki4d	29
2026-06-15 04:40	buecher	42
2026-06-15 04:40	dse	139
2026-06-15 04:40	fractal	257
2026-06-15 04:40	nausner	2
2026-06-15 04:40	probier	2
2026-06-15 04:40	support	1
2026-06-15 04:40	wiki4d	20
2026-06-15 04:50	buecher	11
2026-06-15 04:50	dse	94
2026-06-15 04:50	fractal	200
2026-06-15 04:50	support	1
2026-06-15 04:50	wiki4d	50
2026-06-15 05:00	buecher	24
2026-06-15 05:00	dse	151
2026-06-15 05:00	fractal	131
2026-06-15 05:00	support	5
2026-06-15 05:00	wiki4d	44
2026-06-15 05:10	buecher	26
2026-06-15 05:10	dse	159
2026-06-15 05:10	fractal	218
2026-06-15 05:10	nausner	2
2026-06-15 05:10	support	3
2026-06-15 05:10	wiki4d	20
2026-06-15 05:20	buecher	84
2026-06-15 05:20	culios	1
2026-06-15 05:20	dse	134
2026-06-15 05:20	fractal	306
2026-06-15 05:20	nausner	1
2026-06-15 05:20	probier	4
2026-06-15 05:20	support	3
2026-06-15 05:20	wiki4d	23
2026-06-15 05:30	buecher	73
2026-06-15 05:30	dse	114
2026-06-15 05:30	fractal	149
2026-06-15 05:30	support	1
2026-06-15 05:30	wiki4d	31
2026-06-15 05:40	buecher	46
2026-06-15 05:40	dse	136
2026-06-15 05:40	fractal	223
2026-06-15 05:40	nausner	1
2026-06-15 05:40	support	7
2026-06-15 05:40	wiki4d	38
2026-06-15 05:50	buecher	29
2026-06-15 05:50	dse	119
2026-06-15 05:50	fractal	187
2026-06-15 05:50	nausner	1
2026-06-15 05:50	wiki4d	24
2026-06-15 06:00	buecher	35
2026-06-15 06:00	dse	130
2026-06-15 06:00	fractal	343
2026-06-15 06:00	probier	1
2026-06-15 06:00	support	4
2026-06-15 06:00	wiki4d	82
2026-06-15 06:10	buecher	62
2026-06-15 06:10	dse	158
2026-06-15 06:10	fractal	206
2026-06-15 06:10	support	3
2026-06-15 06:10	wiki4d	33
2026-06-15 06:20	buecher	40
2026-06-15 06:20	dse	176
2026-06-15 06:20	fractal	171
2026-06-15 06:20	lions	1
2026-06-15 06:20	support	9
2026-06-15 06:20	wiki4d	24
2026-06-15 06:30	buecher	18
2026-06-15 06:30	dse	110
2026-06-15 06:30	fractal	249
2026-06-15 06:30	support	1
2026-06-15 06:30	wiki4d	20
2026-06-15 06:40	buecher	30
2026-06-15 06:40	culios	2
2026-06-15 06:40	dse	71
2026-06-15 06:40	fractal	368
2026-06-15 06:40	lions	1
2026-06-15 06:40	nausner	1
2026-06-15 06:40	probier	1
2026-06-15 06:40	support	15
2026-06-15 06:40	wiki4d	19
2026-06-15 06:50	buecher	24
2026-06-15 06:50	dse	165
2026-06-15 06:50	fractal	227
2026-06-15 06:50	support	4
2026-06-15 06:50	wiki4d	13
2026-06-15 07:00	buecher	64
2026-06-15 07:00	culios	1
2026-06-15 07:00	dse	163
2026-06-15 07:00	fractal	152
2026-06-15 07:00	support	9
2026-06-15 07:00	wiki4d	41
2026-06-15 07:10	buecher	26
2026-06-15 07:10	dse	135
2026-06-15 07:10	fractal	143
2026-06-15 07:10	support	4
2026-06-15 07:10	wiki4d	18
2026-06-15 07:20	buecher	26
2026-06-15 07:20	dse	100
2026-06-15 07:20	fractal	215
2026-06-15 07:20	nausner	5
2026-06-15 07:20	support	2
2026-06-15 07:20	wiki4d	26
2026-06-15 07:30	buecher	19
2026-06-15 07:30	dse	105
2026-06-15 07:30	fractal	257
2026-06-15 07:30	support	2
2026-06-15 07:30	wiki4d	20
2026-06-15 07:40	buecher	60
2026-06-15 07:40	dse	97
2026-06-15 07:40	fractal	191
2026-06-15 07:40	support	6
2026-06-15 07:40	wiki4d	25
2026-06-15 07:50	buecher	20
2026-06-15 07:50	culios	2
2026-06-15 07:50	dse	120
2026-06-15 07:50	fractal	235
2026-06-15 07:50	nausner	3
2026-06-15 07:50	support	1
2026-06-15 07:50	wiki4d	19
2026-06-15 08:00	buecher	21
2026-06-15 08:00	dse	96
2026-06-15 08:00	fractal	180
2026-06-15 08:00	lions	1
2026-06-15 08:00	probier	1
2026-06-15 08:00	wiki4d	42
2026-06-15 08:10	buecher	40
2026-06-15 08:10	culios	1
2026-06-15 08:10	dse	103
2026-06-15 08:10	fractal	227
2026-06-15 08:10	probier	1
2026-06-15 08:10	support	2
2026-06-15 08:10	wiki4d	46
2026-06-15 08:20	buecher	45
2026-06-15 08:20	culios	1
2026-06-15 08:20	dse	113
2026-06-15 08:20	fractal	251
2026-06-15 08:20	lions	1
2026-06-15 08:20	support	4
2026-06-15 08:20	wiki4d	38
2026-06-15 08:30	buecher	10
2026-06-15 08:30	dse	110
2026-06-15 08:30	fractal	95
2026-06-15 08:30	support	3
2026-06-15 08:30	wiki4d	35
2026-06-15 08:40	buecher	34
2026-06-15 08:40	culios	1
2026-06-15 08:40	dse	103
2026-06-15 08:40	fractal	265
2026-06-15 08:40	nausner	2
2026-06-15 08:40	probier	1
2026-06-15 08:40	support	1
2026-06-15 08:40	wiki4d	48
2026-06-15 08:50	buecher	23
2026-06-15 08:50	dse	70
2026-06-15 08:50	fractal	210
2026-06-15 08:50	support	1
2026-06-15 08:50	wiki4d	41
2026-06-15 09:00	buecher	37
2026-06-15 09:00	culios	1
2026-06-15 09:00	dse	111
2026-06-15 09:00	fractal	222
2026-06-15 09:00	probier	1
2026-06-15 09:00	support	2
2026-06-15 09:00	wiki4d	64
2026-06-15 09:10	buecher	15
2026-06-15 09:10	dse	191
2026-06-15 09:10	fractal	166
2026-06-15 09:10	lions	1
2026-06-15 09:10	nausner	1
2026-06-15 09:10	support	11
2026-06-15 09:10	wiki4d	51
2026-06-15 09:20	buecher	26
2026-06-15 09:20	dse	84
2026-06-15 09:20	fractal	217
2026-06-15 09:20	support	3
2026-06-15 09:20	wiki4d	43
2026-06-15 09:30	buecher	27
2026-06-15 09:30	culios	1
2026-06-15 09:30	dse	111
2026-06-15 09:30	fractal	309
2026-06-15 09:30	probier	8
2026-06-15 09:30	support	6
2026-06-15 09:30	wiki4d	45
2026-06-15 09:40	buecher	38
2026-06-15 09:40	dse	154
2026-06-15 09:40	fractal	186
2026-06-15 09:40	support	17
2026-06-15 09:40	wiki4d	50
2026-06-15 09:50	buecher	21
2026-06-15 09:50	dse	134
2026-06-15 09:50	fractal	146
2026-06-15 09:50	nausner	2
2026-06-15 09:50	support	4
2026-06-15 09:50	wiki4d	40
2026-06-15 10:00	buecher	52
2026-06-15 10:00	dse	93
2026-06-15 10:00	fractal	231
2026-06-15 10:00	lions	1
2026-06-15 10:00	support	2
2026-06-15 10:00	wiki4d	47
2026-06-15 10:10	buecher	50
2026-06-15 10:10	dse	63
2026-06-15 10:10	fractal	181
2026-06-15 10:10	support	12
2026-06-15 10:10	wiki4d	69
2026-06-15 10:20	buecher	29
2026-06-15 10:20	culios	1
2026-06-15 10:20	dse	94
2026-06-15 10:20	fractal	278
2026-06-15 10:20	probier	1
2026-06-15 10:20	wiki4d	34
2026-06-15 10:30	buecher	14
2026-06-15 10:30	culios	2
2026-06-15 10:30	dse	52
2026-06-15 10:30	fractal	144
2026-06-15 10:30	lions	1
2026-06-15 10:30	probier	12
2026-06-15 10:30	support	3
2026-06-15 10:30	wiki4d	29
2026-06-15 10:40	buecher	32
2026-06-15 10:40	dse	81
2026-06-15 10:40	fractal	290
2026-06-15 10:40	probier	21
2026-06-15 10:40	support	14
2026-06-15 10:40	wiki4d	27
2026-06-15 10:50	buecher	33
2026-06-15 10:50	dse	97
2026-06-15 10:50	fractal	294
2026-06-15 10:50	nausner	1
2026-06-15 10:50	probier	10
2026-06-15 10:50	support	347
2026-06-15 10:50	wiki4d	21
2026-06-15 11:00	buecher	15
2026-06-15 11:00	dse	60
2026-06-15 11:00	fractal	266
2026-06-15 11:00	support	379
2026-06-15 11:00	wiki4d	33
2026-06-15 11:10	buecher	20
2026-06-15 11:10	dse	81
2026-06-15 11:10	fractal	193
2026-06-15 11:10	support	353
2026-06-15 11:10	wiki4d	46
2026-06-15 11:20	buecher	32
2026-06-15 11:20	dse	195
2026-06-15 11:20	fractal	274
2026-06-15 11:20	support	71
2026-06-15 11:20	wiki4d	52
2026-06-15 11:30	buecher	22
2026-06-15 11:30	culios	1
2026-06-15 11:30	dse	98
2026-06-15 11:30	fractal	242
2026-06-15 11:30	nausner	5
2026-06-15 11:30	support	3
2026-06-15 11:30	wiki4d	19
2026-06-15 11:40	buecher	30
2026-06-15 11:40	culios	2
2026-06-15 11:40	dse	102
2026-06-15 11:40	fractal	317
2026-06-15 11:40	support	1
2026-06-15 11:40	wiki4d	13
2026-06-15 11:50	buecher	80
2026-06-15 11:50	dse	105
2026-06-15 11:50	fractal	114
2026-06-15 11:50	probier	26
2026-06-15 11:50	support	3
2026-06-15 11:50	wiki4d	21
2026-06-15 12:00	buecher	65
2026-06-15 12:00	culios	1
2026-06-15 12:00	dse	93
2026-06-15 12:00	fractal	206
2026-06-15 12:00	lions	2
2026-06-15 12:00	probier	37
2026-06-15 12:00	support	5
2026-06-15 12:00	wiki4d	48
2026-06-15 12:10	buecher	33
2026-06-15 12:10	culios	2
2026-06-15 12:10	dse	81
2026-06-15 12:10	fractal	259
2026-06-15 12:10	nausner	1
2026-06-15 12:10	probier	2
2026-06-15 12:10	support	3
2026-06-15 12:10	wiki4d	21
2026-06-15 12:20	buecher	32
2026-06-15 12:20	culios	2
2026-06-15 12:20	dse	111
2026-06-15 12:20	fractal	214
2026-06-15 12:20	probier	2
2026-06-15 12:20	support	4
2026-06-15 12:20	wiki4d	43
2026-06-15 12:30	buecher	24
2026-06-15 12:30	dse	310
2026-06-15 12:30	fractal	176
2026-06-15 12:30	lions	1
2026-06-15 12:30	support	4
2026-06-15 12:30	wiki4d	34
2026-06-15 12:40	buecher	21
2026-06-15 12:40	dse	591
2026-06-15 12:40	fractal	177
2026-06-15 12:40	lions	2
2026-06-15 12:40	probier	2
2026-06-15 12:40	support	6
2026-06-15 12:40	wiki4d	27
2026-06-15 12:50	buecher	27
2026-06-15 12:50	dse	647
2026-06-15 12:50	fractal	283
2026-06-15 12:50	nausner	1
2026-06-15 12:50	support	4
2026-06-15 12:50	wiki4d	25
2026-06-15 13:00	buecher	22
2026-06-15 13:00	culios	2
2026-06-15 13:00	dse	406
2026-06-15 13:00	fractal	236
2026-06-15 13:00	lions	1
2026-06-15 13:00	probier	11
2026-06-15 13:00	support	3
2026-06-15 13:00	wiki4d	20
2026-06-15 13:10	buecher	44
2026-06-15 13:10	culios	1
2026-06-15 13:10	dse	259
2026-06-15 13:10	fractal	168
2026-06-15 13:10	probier	18
2026-06-15 13:10	support	6
2026-06-15 13:10	wiki4d	18
2026-06-15 13:20	buecher	40
2026-06-15 13:20	culios	8
2026-06-15 13:20	dse	177
2026-06-15 13:20	fractal	259
2026-06-15 13:20	probier	3
2026-06-15 13:20	support	4
2026-06-15 13:20	wiki4d	30
2026-06-15 13:30	buecher	97
2026-06-15 13:30	culios	1
2026-06-15 13:30	dse	120
2026-06-15 13:30	fractal	194
2026-06-15 13:30	probier	2
2026-06-15 13:30	support	1
2026-06-15 13:30	wiki4d	27
2026-06-15 13:40	buecher	63
2026-06-15 13:40	culios	1
2026-06-15 13:40	dse	92
2026-06-15 13:40	fractal	340
2026-06-15 13:40	nausner	4
2026-06-15 13:40	probier	1
2026-06-15 13:40	support	5
2026-06-15 13:40	wiki4d	23
2026-06-15 13:50	buecher	59
2026-06-15 13:50	dse	100
2026-06-15 13:50	fractal	269
2026-06-15 13:50	nausner	2
2026-06-15 13:50	probier	1
2026-06-15 13:50	support	1
2026-06-15 13:50	wiki4d	23
2026-06-15 14:00	buecher	81
2026-06-15 14:00	dse	105
2026-06-15 14:00	fractal	218
2026-06-15 14:00	probier	1
2026-06-15 14:00	support	4
2026-06-15 14:00	wiki4d	44
2026-06-15 14:10	buecher	83
2026-06-15 14:10	dse	108
2026-06-15 14:10	fractal	180
2026-06-15 14:10	probier	1
2026-06-15 14:10	support	6
2026-06-15 14:10	wiki4d	22
2026-06-15 14:20	buecher	55
2026-06-15 14:20	culios	1
2026-06-15 14:20	dse	77
2026-06-15 14:20	fractal	340
2026-06-15 14:20	nausner	2
2026-06-15 14:20	probier	2
2026-06-15 14:20	support	7
2026-06-15 14:20	wiki4d	40
2026-06-15 14:30	buecher	29
2026-06-15 14:30	culios	1
2026-06-15 14:30	dse	130
2026-06-15 14:30	fractal	262
2026-06-15 14:30	lions	1
2026-06-15 14:30	nausner	5
2026-06-15 14:30	probier	1
2026-06-15 14:30	support	2
2026-06-15 14:30	wiki4d	26
2026-06-15 14:40	buecher	35
2026-06-15 14:40	dse	100
2026-06-15 14:40	fractal	228
2026-06-15 14:40	lions	2
2026-06-15 14:40	support	118
2026-06-15 14:40	wiki4d	21
2026-06-15 14:50	buecher	21
2026-06-15 14:50	culios	1
2026-06-15 14:50	dse	121
2026-06-15 14:50	fractal	205
2026-06-15 14:50	nausner	1
2026-06-15 14:50	support	90
2026-06-15 14:50	wiki4d	27
2026-06-15 15:00	buecher	37
2026-06-15 15:00	culios	2
2026-06-15 15:00	dse	212
2026-06-15 15:00	fractal	282
2026-06-15 15:00	nausner	2
2026-06-15 15:00	probier	1
2026-06-15 15:00	support	99
2026-06-15 15:00	wiki4d	19
2026-06-15 15:10	buecher	26
2026-06-15 15:10	dse	114
2026-06-15 15:10	fractal	223
2026-06-15 15:10	support	2
2026-06-15 15:10	wiki4d	22
2026-06-15 15:20	buecher	61
2026-06-15 15:20	dse	131
2026-06-15 15:20	fractal	226
2026-06-15 15:20	support	5
2026-06-15 15:20	wiki4d	38
2026-06-15 15:30	buecher	36
2026-06-15 15:30	dse	131
2026-06-15 15:30	fractal	195
2026-06-15 15:30	nausner	1
2026-06-15 15:30	support	3
2026-06-15 15:30	wiki4d	39
2026-06-15 15:40	buecher	53
2026-06-15 15:40	culios	1
2026-06-15 15:40	dse	112
2026-06-15 15:40	fractal	289
2026-06-15 15:40	lions	1
2026-06-15 15:40	support	1
2026-06-15 15:40	wiki4d	49
2026-06-15 15:50	buecher	83
2026-06-15 15:50	dse	127
2026-06-15 15:50	fractal	161
2026-06-15 15:50	support	7
2026-06-15 15:50	wiki4d	18
2026-06-15 16:00	buecher	64
2026-06-15 16:00	culios	1
2026-06-15 16:00	dse	122
2026-06-15 16:00	fractal	265
2026-06-15 16:00	nausner	1
2026-06-15 16:00	support	4
2026-06-15 16:00	wiki4d	39
2026-06-15 16:10	buecher	56
2026-06-15 16:10	culios	1
2026-06-15 16:10	dse	123
2026-06-15 16:10	fractal	198
2026-06-15 16:10	lions	2
2026-06-15 16:10	nausner	1
2026-06-15 16:10	support	2
2026-06-15 16:10	wiki4d	33
2026-06-15 16:20	buecher	77
2026-06-15 16:20	culios	3
2026-06-15 16:20	dse	87
2026-06-15 16:20	fractal	469
2026-06-15 16:20	lions	1
2026-06-15 16:20	nausner	2
2026-06-15 16:20	support	7
2026-06-15 16:20	wiki4d	24
2026-06-15 16:30	buecher	77
2026-06-15 16:30	dse	155
2026-06-15 16:30	fractal	231
2026-06-15 16:30	nausner	1
2026-06-15 16:30	support	6
2026-06-15 16:30	wiki4d	29
2026-06-15 16:40	buecher	103
2026-06-15 16:40	culios	2
2026-06-15 16:40	dse	191
2026-06-15 16:40	fractal	265
2026-06-15 16:40	lions	1
2026-06-15 16:40	support	2
2026-06-15 16:40	wiki4d	46
2026-06-15 16:50	buecher	51
2026-06-15 16:50	culios	1
2026-06-15 16:50	dse	227
2026-06-15 16:50	fractal	336
2026-06-15 16:50	nausner	1
2026-06-15 16:50	support	7
2026-06-15 16:50	wiki4d	49
2026-06-15 17:00	buecher	65
2026-06-15 17:00	culios	1
2026-06-15 17:00	dse	119
2026-06-15 17:00	fractal	256
2026-06-15 17:00	probier	1
2026-06-15 17:00	support	3
2026-06-15 17:00	wiki4d	18
2026-06-15 17:10	buecher	67
2026-06-15 17:10	culios	2
2026-06-15 17:10	dse	70
2026-06-15 17:10	fractal	271
2026-06-15 17:10	probier	1
2026-06-15 17:10	support	1
2026-06-15 17:10	wiki4d	18
2026-06-15 17:20	buecher	89
2026-06-15 17:20	dse	210
2026-06-15 17:20	fractal	270
2026-06-15 17:20	wiki4d	52
2026-06-15 17:30	buecher	102
2026-06-15 17:30	dse	169
2026-06-15 17:30	fractal	295
2026-06-15 17:30	support	1
2026-06-15 17:30	wiki4d	31
2026-06-15 17:40	buecher	91
2026-06-15 17:40	dse	119
2026-06-15 17:40	fractal	229
2026-06-15 17:40	nausner	1
2026-06-15 17:40	support	3
2026-06-15 17:40	wiki4d	38
2026-06-15 17:50	buecher	67
2026-06-15 17:50	dse	197
2026-06-15 17:50	fractal	111
2026-06-15 17:50	nausner	1
2026-06-15 17:50	probier	2
2026-06-15 17:50	support	2
2026-06-15 17:50	wiki4d	11
2026-06-15 18:00	buecher	90
2026-06-15 18:00	dse	212
2026-06-15 18:00	fractal	130
2026-06-15 18:00	support	2
2026-06-15 18:00	wiki4d	19
2026-06-15 18:10	buecher	103
2026-06-15 18:10	culios	1
2026-06-15 18:10	dse	88
2026-06-15 18:10	fractal	284
2026-06-15 18:10	support	1
2026-06-15 18:10	wiki4d	46
2026-06-15 18:20	buecher	87
2026-06-15 18:20	dse	91
2026-06-15 18:20	fractal	230
2026-06-15 18:20	support	3
2026-06-15 18:20	wiki4d	36
2026-06-15 18:30	buecher	108
2026-06-15 18:30	culios	2
2026-06-15 18:30	dse	124
2026-06-15 18:30	fractal	113
2026-06-15 18:30	lions	2
2026-06-15 18:30	nausner	1
2026-06-15 18:30	support	5
2026-06-15 18:30	wiki4d	47
2026-06-15 18:40	buecher	90
2026-06-15 18:40	dse	227
2026-06-15 18:40	fractal	143
2026-06-15 18:40	lions	1
2026-06-15 18:40	support	4
2026-06-15 18:40	wiki4d	25
2026-06-15 18:50	buecher	67
2026-06-15 18:50	dse	154
2026-06-15 18:50	fractal	251
2026-06-15 18:50	support	5
2026-06-15 18:50	wiki4d	38
2026-06-15 19:00	buecher	66
2026-06-15 19:00	dse	132
2026-06-15 19:00	fractal	206
2026-06-15 19:00	nausner	1
2026-06-15 19:00	support	3
2026-06-15 19:00	wiki4d	40
2026-06-15 19:10	buecher	26
2026-06-15 19:10	dse	173
2026-06-15 19:10	fractal	133
2026-06-15 19:10	lions	1
2026-06-15 19:10	nausner	1
2026-06-15 19:10	support	5
2026-06-15 19:10	wiki4d	23
2026-06-15 19:20	buecher	46
2026-06-15 19:20	dse	106
2026-06-15 19:20	fractal	208
2026-06-15 19:20	support	2
2026-06-15 19:20	wiki4d	34
2026-06-15 19:30	buecher	40
2026-06-15 19:30	dse	126
2026-06-15 19:30	fractal	203
2026-06-15 19:30	probier	2
2026-06-15 19:30	support	1
2026-06-15 19:30	wiki4d	30
2026-06-15 19:40	buecher	44
2026-06-15 19:40	culios	1
2026-06-15 19:40	dse	157
2026-06-15 19:40	fractal	191
2026-06-15 19:40	support	4
2026-06-15 19:40	wiki4d	29
2026-06-15 19:50	buecher	80
2026-06-15 19:50	culios	1
2026-06-15 19:50	dse	153
2026-06-15 19:50	fractal	153
2026-06-15 19:50	nausner	6
2026-06-15 19:50	probier	1
2026-06-15 19:50	support	9
2026-06-15 19:50	wiki4d	30
2026-06-15 20:00	buecher	26
2026-06-15 20:00	dse	98
2026-06-15 20:00	fractal	134
2026-06-15 20:00	support	6
2026-06-15 20:00	wiki4d	24
2026-06-15 20:10	buecher	38
2026-06-15 20:10	dse	64
2026-06-15 20:10	fractal	225
2026-06-15 20:10	support	7
2026-06-15 20:10	wiki4d	23
2026-06-15 20:20	buecher	31
2026-06-15 20:20	culios	1
2026-06-15 20:20	dse	64
2026-06-15 20:20	fractal	202
2026-06-15 20:20	lions	1
2026-06-15 20:20	probier	1
2026-06-15 20:20	support	8
2026-06-15 20:20	wiki4d	24
2026-06-15 20:30	buecher	66
2026-06-15 20:30	dse	116
2026-06-15 20:30	fractal	126
2026-06-15 20:30	support	7
2026-06-15 20:30	wiki4d	32
2026-06-15 20:40	buecher	59
2026-06-15 20:40	dse	212
2026-06-15 20:40	fractal	184
2026-06-15 20:40	probier	2
2026-06-15 20:40	support	8
2026-06-15 20:40	wiki4d	21
2026-06-15 20:50	buecher	58
2026-06-15 20:50	dse	123
2026-06-15 20:50	fractal	274
2026-06-15 20:50	lions	1
2026-06-15 20:50	support	19
2026-06-15 20:50	wiki4d	23
2026-06-15 21:00	buecher	92
2026-06-15 21:00	culios	5
2026-06-15 21:00	dse	177
2026-06-15 21:00	fractal	372
2026-06-15 21:00	nausner	2
2026-06-15 21:00	support	18
2026-06-15 21:00	wiki4d	49
2026-06-15 21:10	buecher	58
2026-06-15 21:10	dse	92
2026-06-15 21:10	fractal	203
2026-06-15 21:10	probier	1
2026-06-15 21:10	support	9
2026-06-15 21:10	wiki4d	34
2026-06-15 21:20	buecher	35
2026-06-15 21:20	dse	173
2026-06-15 21:20	fractal	221
2026-06-15 21:20	nausner	1
2026-06-15 21:20	support	3
2026-06-15 21:20	wiki4d	19
2026-06-15 21:30	buecher	71
2026-06-15 21:30	dse	37
2026-06-15 21:30	fractal	231
2026-06-15 21:30	support	2
2026-06-15 21:30	wiki4d	18
2026-06-15 21:40	buecher	49
2026-06-15 21:40	dse	60
2026-06-15 21:40	fractal	266
2026-06-15 21:40	nausner	2
2026-06-15 21:40	probier	1
2026-06-15 21:40	support	4
2026-06-15 21:40	wiki4d	29
2026-06-15 21:50	buecher	47
2026-06-15 21:50	dse	67
2026-06-15 21:50	fractal	184
2026-06-15 21:50	nausner	3
2026-06-15 21:50	support	3
2026-06-15 21:50	wiki4d	13
2026-06-15 22:00	buecher	22
2026-06-15 22:00	dse	107
2026-06-15 22:00	fractal	157
2026-06-15 22:00	nausner	1
2026-06-15 22:00	support	1
2026-06-15 22:00	wiki4d	16
2026-06-15 22:10	buecher	19
2026-06-15 22:10	dse	127
2026-06-15 22:10	fractal	146
2026-06-15 22:10	probier	1
2026-06-15 22:10	support	3
2026-06-15 22:10	wiki4d	107
2026-06-15 22:20	buecher	75
2026-06-15 22:20	dse	98
2026-06-15 22:20	fractal	310
2026-06-15 22:20	probier	2
2026-06-15 22:20	support	2
2026-06-15 22:20	wiki4d	22
2026-06-15 22:30	buecher	77
2026-06-15 22:30	dse	99
2026-06-15 22:30	fractal	356
2026-06-15 22:30	probier	1
2026-06-15 22:30	support	2
2026-06-15 22:30	wiki4d	16
2026-06-15 22:40	buecher	46
2026-06-15 22:40	dse	52
2026-06-15 22:40	fractal	405
2026-06-15 22:40	probier	1
2026-06-15 22:40	support	3
2026-06-15 22:40	wiki4d	28
2026-06-15 22:50	buecher	53
2026-06-15 22:50	culios	1
2026-06-15 22:50	dse	78
2026-06-15 22:50	fractal	465
2026-06-15 22:50	nausner	1
2026-06-15 22:50	support	1
2026-06-15 22:50	wiki4d	47
2026-06-15 23:00	buecher	56
2026-06-15 23:00	dse	84
2026-06-15 23:00	fractal	271
2026-06-15 23:00	probier	1
2026-06-15 23:00	support	3
2026-06-15 23:00	wiki4d	30
2026-06-15 23:10	buecher	54
2026-06-15 23:10	dse	61
2026-06-15 23:10	fractal	150
2026-06-15 23:10	nausner	1
2026-06-15 23:10	probier	1
2026-06-15 23:10	support	3
2026-06-15 23:10	wiki4d	23
2026-06-15 23:20	buecher	50
2026-06-15 23:20	dse	68
2026-06-15 23:20	fractal	287
2026-06-15 23:20	nausner	5
2026-06-15 23:20	probier	1
2026-06-15 23:20	support	2
2026-06-15 23:20	wiki4d	20
2026-06-15 23:30	buecher	46
2026-06-15 23:30	dse	59
2026-06-15 23:30	fractal	286
2026-06-15 23:30	nausner	1
2026-06-15 23:30	probier	2
2026-06-15 23:30	support	2
2026-06-15 23:30	wiki4d	21
2026-06-15 23:40	buecher	50
2026-06-15 23:40	dse	66
2026-06-15 23:40	fractal	125
2026-06-15 23:40	probier	2
2026-06-15 23:40	support	2
2026-06-15 23:40	wiki4d	17
2026-06-15 23:50	buecher	78
2026-06-15 23:50	dse	65
2026-06-15 23:50	fractal	182
2026-06-15 23:50	support	1
2026-06-15 23:50	wiki4d	28
2026-06-16 00:00	buecher	73
2026-06-16 00:00	culios	1
2026-06-16 00:00	dse	108
2026-06-16 00:00	fractal	154
2026-06-16 00:00	probier	2
2026-06-16 00:00	support	2
2026-06-16 00:00	wiki4d	25
2026-06-16 00:10	buecher	70
2026-06-16 00:10	dse	94
2026-06-16 00:10	fractal	233
2026-06-16 00:10	support	1
2026-06-16 00:10	wiki4d	25
2026-06-16 00:20	buecher	87
2026-06-16 00:20	culios	1
2026-06-16 00:20	dse	92
2026-06-16 00:20	fractal	256
2026-06-16 00:20	probier	1
2026-06-16 00:20	support	1
2026-06-16 00:20	wiki4d	29
2026-06-16 00:30	buecher	68
2026-06-16 00:30	culios	2
2026-06-16 00:30	dse	93
2026-06-16 00:30	fractal	272
2026-06-16 00:30	lions	1
2026-06-16 00:30	nausner	2
2026-06-16 00:30	support	1
2026-06-16 00:30	wiki4d	33
2026-06-16 00:40	buecher	59
2026-06-16 00:40	culios	12
2026-06-16 00:40	dse	45
2026-06-16 00:40	fractal	200
2026-06-16 00:40	probier	1
2026-06-16 00:40	support	2
2026-06-16 00:40	wiki4d	26
2026-06-16 00:50	buecher	52
2026-06-16 00:50	dse	51
2026-06-16 00:50	fractal	266
2026-06-16 00:50	probier	1
2026-06-16 00:50	support	5
2026-06-16 00:50	wiki4d	30
2026-06-16 01:00	buecher	51
2026-06-16 01:00	dse	79
2026-06-16 01:00	fractal	317
2026-06-16 01:00	nausner	1
2026-06-16 01:00	support	3
2026-06-16 01:00	wiki4d	33
2026-06-16 01:10	buecher	61
2026-06-16 01:10	dse	105
2026-06-16 01:10	fractal	255
2026-06-16 01:10	probier	2
2026-06-16 01:10	support	6
2026-06-16 01:10	wiki4d	25
2026-06-16 01:20	buecher	76
2026-06-16 01:20	culios	1
2026-06-16 01:20	dse	110
2026-06-16 01:20	fractal	225
2026-06-16 01:20	support	5
2026-06-16 01:20	wiki4d	42
2026-06-16 01:30	buecher	122
2026-06-16 01:30	culios	1
2026-06-16 01:30	dse	138
2026-06-16 01:30	fractal	245
2026-06-16 01:30	probier	1
2026-06-16 01:30	support	2
2026-06-16 01:30	wiki4d	22
2026-06-16 01:40	buecher	53
2026-06-16 01:40	culios	2
2026-06-16 01:40	dse	106
2026-06-16 01:40	fractal	230
2026-06-16 01:40	nausner	8
2026-06-16 01:40	probier	2
2026-06-16 01:40	support	2
2026-06-16 01:40	wiki4d	31
2026-06-16 01:50	buecher	44
2026-06-16 01:50	culios	1
2026-06-16 01:50	dse	62
2026-06-16 01:50	fractal	295
2026-06-16 01:50	nausner	5
2026-06-16 01:50	probier	1
2026-06-16 01:50	support	4
2026-06-16 01:50	wiki4d	25
2026-06-16 02:00	buecher	46
2026-06-16 02:00	culios	1
2026-06-16 02:00	dse	75
2026-06-16 02:00	fractal	342
2026-06-16 02:00	probier	2
2026-06-16 02:00	support	7
2026-06-16 02:00	wiki4d	28
2026-06-16 02:10	buecher	60
2026-06-16 02:10	dse	89
2026-06-16 02:10	fractal	235
2026-06-16 02:10	lions	1
2026-06-16 02:10	probier	2
2026-06-16 02:10	support	5
2026-06-16 02:10	wiki4d	24
2026-06-16 02:20	buecher	61
2026-06-16 02:20	dse	58
2026-06-16 02:20	fractal	273
2026-06-16 02:20	nausner	3
2026-06-16 02:20	support	5
2026-06-16 02:20	wiki4d	27
2026-06-16 02:30	buecher	33
2026-06-16 02:30	dse	60
2026-06-16 02:30	fractal	280
2026-06-16 02:30	support	1
2026-06-16 02:30	wiki4d	31
2026-06-16 02:40	buecher	53
2026-06-16 02:40	culios	2
2026-06-16 02:40	dse	98
2026-06-16 02:40	fractal	187
2026-06-16 02:40	support	6
2026-06-16 02:40	wiki4d	25
2026-06-16 02:50	buecher	58
2026-06-16 02:50	culios	1
2026-06-16 02:50	dse	161
2026-06-16 02:50	fractal	183
2026-06-16 02:50	nausner	6
2026-06-16 02:50	probier	1
2026-06-16 02:50	support	1
2026-06-16 02:50	wiki4d	31
2026-06-16 03:00	buecher	71
2026-06-16 03:00	culios	1
2026-06-16 03:00	dse	88
2026-06-16 03:00	fractal	229
2026-06-16 03:00	nausner	3
2026-06-16 03:00	support	7
2026-06-16 03:00	wiki4d	48
2026-06-16 03:10	buecher	33
2026-06-16 03:10	culios	1
2026-06-16 03:10	dse	86
2026-06-16 03:10	fractal	184
2026-06-16 03:10	nausner	1
2026-06-16 03:10	support	4
2026-06-16 03:10	wiki4d	30
2026-06-16 03:20	buecher	67
2026-06-16 03:20	dse	82
2026-06-16 03:20	fractal	136
2026-06-16 03:20	nausner	1
2026-06-16 03:20	probier	1
2026-06-16 03:20	support	6
2026-06-16 03:20	wiki4d	27
2026-06-16 03:30	buecher	117
2026-06-16 03:30	dse	160
2026-06-16 03:30	fractal	93
2026-06-16 03:30	probier	1
2026-06-16 03:30	support	3
2026-06-16 03:30	wiki4d	16
2026-06-16 03:40	buecher	57
2026-06-16 03:40	dse	114
2026-06-16 03:40	fractal	116
2026-06-16 03:40	nausner	1
2026-06-16 03:40	probier	1
2026-06-16 03:40	support	6
2026-06-16 03:40	wiki4d	27
2026-06-16 03:50	buecher	49
2026-06-16 03:50	dse	67
2026-06-16 03:50	fractal	144
2026-06-16 03:50	wiki4d	16
2026-06-16 04:00	buecher	47
2026-06-16 04:00	dse	38
2026-06-16 04:00	fractal	135
2026-06-16 04:00	support	7
2026-06-16 04:00	wiki4d	23
2026-06-16 04:10	buecher	54
2026-06-16 04:10	dse	49
2026-06-16 04:10	fractal	205
2026-06-16 04:10	probier	1
2026-06-16 04:10	support	5
2026-06-16 04:10	wiki4d	33
2026-06-16 04:20	buecher	61
2026-06-16 04:20	culios	1
2026-06-16 04:20	dse	130
2026-06-16 04:20	fractal	154
2026-06-16 04:20	probier	2
2026-06-16 04:20	wiki4d	26
2026-06-16 04:30	buecher	59
2026-06-16 04:30	culios	1
2026-06-16 04:30	dse	57
2026-06-16 04:30	fractal	221
2026-06-16 04:30	nausner	1
2026-06-16 04:30	support	1
2026-06-16 04:30	wiki4d	26
2026-06-16 04:40	buecher	65
2026-06-16 04:40	dse	119
2026-06-16 04:40	fractal	128
2026-06-16 04:40	nausner	2
2026-06-16 04:40	probier	1
2026-06-16 04:40	support	4
2026-06-16 04:40	wiki4d	17
2026-06-16 04:50	buecher	69
2026-06-16 04:50	dse	162
2026-06-16 04:50	fractal	153
2026-06-16 04:50	nausner	1
2026-06-16 04:50	probier	2
2026-06-16 04:50	support	5
2026-06-16 04:50	wiki4d	34
2026-06-16 05:00	buecher	63
2026-06-16 05:00	dse	151
2026-06-16 05:00	fractal	142
2026-06-16 05:00	support	8
2026-06-16 05:00	wiki4d	20
2026-06-16 05:10	buecher	63
2026-06-16 05:10	dse	169
2026-06-16 05:10	fractal	167
2026-06-16 05:10	probier	4
2026-06-16 05:10	support	5
2026-06-16 05:10	wiki4d	24
2026-06-16 05:20	buecher	59
2026-06-16 05:20	dse	110
2026-06-16 05:20	fractal	294
2026-06-16 05:20	nausner	1
2026-06-16 05:20	probier	2
2026-06-16 05:20	support	7
2026-06-16 05:20	wiki4d	26
2026-06-16 05:30	buecher	50
2026-06-16 05:30	dse	177
2026-06-16 05:30	fractal	243
2026-06-16 05:30	probier	1
2026-06-16 05:30	support	3
2026-06-16 05:30	wiki4d	27
2026-06-16 05:40	buecher	81
2026-06-16 05:40	dse	165
2026-06-16 05:40	fractal	329
2026-06-16 05:40	nausner	1
2026-06-16 05:40	probier	1
2026-06-16 05:40	support	8
2026-06-16 05:40	wiki4d	21
2026-06-16 05:50	buecher	63
2026-06-16 05:50	dse	324
2026-06-16 05:50	fractal	483
2026-06-16 05:50	nausner	1
2026-06-16 05:50	probier	1
2026-06-16 05:50	support	7
2026-06-16 05:50	wiki4d	24
2026-06-16 06:00	buecher	65
2026-06-16 06:00	dse	227
2026-06-16 06:00	fractal	166
2026-06-16 06:00	probier	2
2026-06-16 06:00	support	9
2026-06-16 06:00	wiki4d	33
2026-06-16 06:10	buecher	90
2026-06-16 06:10	dse	114
2026-06-16 06:10	fractal	97
2026-06-16 06:10	support	12
2026-06-16 06:10	wiki4d	27
2026-06-16 06:20	buecher	76
2026-06-16 06:20	culios	6
2026-06-16 06:20	dse	109
2026-06-16 06:20	fractal	203
2026-06-16 06:20	probier	1
2026-06-16 06:20	support	5
2026-06-16 06:20	wiki4d	32
2026-06-16 06:30	buecher	81
2026-06-16 06:30	dse	155
2026-06-16 06:30	fractal	145
2026-06-16 06:30	probier	1
2026-06-16 06:30	support	2
2026-06-16 06:30	wiki4d	33
2026-06-16 06:40	buecher	69
2026-06-16 06:40	dse	86
2026-06-16 06:40	fractal	161
2026-06-16 06:40	support	3
2026-06-16 06:40	wiki4d	22
2026-06-16 06:50	buecher	67
2026-06-16 06:50	culios	2
2026-06-16 06:50	dse	112
2026-06-16 06:50	fractal	126
2026-06-16 06:50	support	2
2026-06-16 06:50	wiki4d	35
2026-06-16 07:00	buecher	55
2026-06-16 07:00	culios	2
2026-06-16 07:00	dse	121
2026-06-16 07:00	fractal	162
2026-06-16 07:00	support	4
2026-06-16 07:00	wiki4d	40
2026-06-16 07:10	buecher	70
2026-06-16 07:10	culios	1
2026-06-16 07:10	dse	266
2026-06-16 07:10	fractal	173
2026-06-16 07:10	nausner	1
2026-06-16 07:10	support	10
2026-06-16 07:10	wiki4d	25
2026-06-16 07:20	buecher	58
2026-06-16 07:20	culios	1
2026-06-16 07:20	dse	522
2026-06-16 07:20	fractal	155
2026-06-16 07:20	nausner	1
2026-06-16 07:20	support	6
2026-06-16 07:20	wiki4d	23
2026-06-16 07:30	buecher	42
2026-06-16 07:30	culios	1
2026-06-16 07:30	dse	560
2026-06-16 07:30	fractal	139
2026-06-16 07:30	probier	1
2026-06-16 07:30	support	14
2026-06-16 07:30	wiki4d	18
2026-06-16 07:40	buecher	37
2026-06-16 07:40	culios	1
2026-06-16 07:40	dse	1022
2026-06-16 07:40	fractal	145
2026-06-16 07:40	lions	1
2026-06-16 07:40	nausner	1
2026-06-16 07:40	probier	7
2026-06-16 07:40	support	14
2026-06-16 07:40	wiki4d	29
2026-06-16 07:50	buecher	117
2026-06-16 07:50	dse	565
2026-06-16 07:50	fractal	181
2026-06-16 07:50	lions	2
2026-06-16 07:50	nausner	1
2026-06-16 07:50	probier	2
2026-06-16 07:50	support	4
2026-06-16 07:50	wiki4d	29
2026-06-16 08:00	buecher	66
2026-06-16 08:00	culios	1
2026-06-16 08:00	dse	526
2026-06-16 08:00	fractal	155
2026-06-16 08:00	probier	1
2026-06-16 08:00	support	2
2026-06-16 08:00	wiki4d	39
2026-06-16 08:10	buecher	80
2026-06-16 08:10	culios	1
2026-06-16 08:10	dse	907
2026-06-16 08:10	fractal	127
2026-06-16 08:10	lions	2
2026-06-16 08:10	support	6
2026-06-16 08:10	wiki4d	22
2026-06-16 08:20	buecher	60
2026-06-16 08:20	culios	1
2026-06-16 08:20	dse	1266
2026-06-16 08:20	fractal	131
2026-06-16 08:20	support	2
2026-06-16 08:20	wiki4d	42
2026-06-16 08:30	buecher	92
2026-06-16 08:30	culios	2
2026-06-16 08:30	dse	568
2026-06-16 08:30	fractal	134
2026-06-16 08:30	support	4
2026-06-16 08:30	wiki4d	28
2026-06-16 08:40	buecher	63
2026-06-16 08:40	culios	1
2026-06-16 08:40	dse	516
2026-06-16 08:40	fractal	113
2026-06-16 08:40	probier	1
2026-06-16 08:40	support	4
2026-06-16 08:40	wiki4d	31
2026-06-16 08:50	buecher	93
2026-06-16 08:50	culios	1
2026-06-16 08:50	dse	854
2026-06-16 08:50	fractal	113
2026-06-16 08:50	support	3
2026-06-16 08:50	wiki4d	32
2026-06-16 09:00	buecher	48
2026-06-16 09:00	culios	2
2026-06-16 09:00	dse	789
2026-06-16 09:00	fractal	93
2026-06-16 09:00	nausner	1
2026-06-16 09:00	support	3
2026-06-16 09:00	wiki4d	24
2026-06-16 09:10	buecher	81
2026-06-16 09:10	culios	1
2026-06-16 09:10	dse	647
2026-06-16 09:10	fractal	99
2026-06-16 09:10	probier	1
2026-06-16 09:10	support	8
2026-06-16 09:10	wiki4d	26
2026-06-16 09:20	buecher	40
2026-06-16 09:20	dse	796
2026-06-16 09:20	fractal	131
2026-06-16 09:20	probier	1
2026-06-16 09:20	support	6
2026-06-16 09:20	wiki4d	18
2026-06-16 09:30	buecher	64
2026-06-16 09:30	culios	3
2026-06-16 09:30	dse	1109
2026-06-16 09:30	fractal	86
2026-06-16 09:30	lions	1
2026-06-16 09:30	nausner	1
2026-06-16 09:30	probier	2
2026-06-16 09:30	support	8
2026-06-16 09:30	wiki4d	36
2026-06-16 09:40	buecher	36
2026-06-16 09:40	dse	1491
2026-06-16 09:40	fractal	120
2026-06-16 09:40	support	5
2026-06-16 09:40	wiki4d	29
2026-06-16 09:50	buecher	54
2026-06-16 09:50	culios	1
2026-06-16 09:50	dse	1597
2026-06-16 09:50	fractal	132
2026-06-16 09:50	nausner	1
2026-06-16 09:50	probier	1
2026-06-16 09:50	support	4
2026-06-16 09:50	wiki4d	37
2026-06-16 10:00	buecher	77
2026-06-16 10:00	dse	1764
2026-06-16 10:00	fractal	174
2026-06-16 10:00	probier	1
2026-06-16 10:00	support	8
2026-06-16 10:00	wiki4d	35
2026-06-16 10:10	buecher	62
2026-06-16 10:10	culios	1
2026-06-16 10:10	dse	2702
2026-06-16 10:10	fractal	162
2026-06-16 10:10	probier	2
2026-06-16 10:10	support	7
2026-06-16 10:10	wiki4d	25
2026-06-16 10:20	buecher	53
2026-06-16 10:20	dse	3778
2026-06-16 10:20	fractal	122
2026-06-16 10:20	support	2
2026-06-16 10:20	wiki4d	21
2026-06-16 10:30	buecher	26
2026-06-16 10:30	culios	2
2026-06-16 10:30	dse	3509
2026-06-16 10:30	fractal	117
2026-06-16 10:30	support	4
2026-06-16 10:30	wiki4d	19
2026-06-16 10:40	buecher	62
2026-06-16 10:40	culios	1
2026-06-16 10:40	dse	3755
2026-06-16 10:40	fractal	113
2026-06-16 10:40	support	4
2026-06-16 10:40	wiki4d	26
2026-06-16 10:50	buecher	35
2026-06-16 10:50	dse	5057
2026-06-16 10:50	fractal	93
2026-06-16 10:50	nausner	1
2026-06-16 10:50	support	7
2026-06-16 10:50	wiki4d	36
2026-06-16 11:00	buecher	45
2026-06-16 11:00	culios	1
2026-06-16 11:00	dse	6081
2026-06-16 11:00	fractal	124
2026-06-16 11:00	probier	2
2026-06-16 11:00	support	4
2026-06-16 11:00	wiki4d	32
2026-06-16 11:10	buecher	58
2026-06-16 11:10	dse	5928
2026-06-16 11:10	fractal	115
2026-06-16 11:10	probier	1
2026-06-16 11:10	support	9
2026-06-16 11:10	wiki4d	34
2026-06-16 11:20	buecher	52
2026-06-16 11:20	dse	5986
2026-06-16 11:20	fractal	145
2026-06-16 11:20	support	5
2026-06-16 11:20	wiki4d	26
2026-06-16 11:30	buecher	30
2026-06-16 11:30	culios	3
2026-06-16 11:30	dse	6657
2026-06-16 11:30	fractal	127
2026-06-16 11:30	probier	2
2026-06-16 11:30	support	2
2026-06-16 11:30	wiki4d	24
2026-06-16 11:40	buecher	53
2026-06-16 11:40	dse	6579
2026-06-16 11:40	fractal	97
2026-06-16 11:40	nausner	178
2026-06-16 11:40	support	4
2026-06-16 11:40	wiki4d	32
2026-06-16 11:50	buecher	31
2026-06-16 11:50	culios	2
2026-06-16 11:50	dse	6583
2026-06-16 11:50	fractal	289
2026-06-16 11:50	nausner	289
2026-06-16 11:50	probier	3
2026-06-16 11:50	support	6
2026-06-16 11:50	wiki4d	22
2026-06-16 12:00	buecher	49
2026-06-16 12:00	dse	6620
2026-06-16 12:00	fractal	120
2026-06-16 12:00	nausner	315
2026-06-16 12:00	probier	1
2026-06-16 12:00	support	5
2026-06-16 12:00	wiki4d	40
2026-06-16 12:10	buecher	59
2026-06-16 12:10	dse	6531
2026-06-16 12:10	fractal	160
2026-06-16 12:10	nausner	23
2026-06-16 12:10	support	4
2026-06-16 12:10	wiki4d	36
2026-06-16 12:20	buecher	59
2026-06-16 12:20	dse	6769
2026-06-16 12:20	fractal	154
2026-06-16 12:20	probier	1
2026-06-16 12:20	support	12
2026-06-16 12:20	wiki4d	14
2026-06-16 12:30	buecher	43
2026-06-16 12:30	culios	2
2026-06-16 12:30	dse	6642
2026-06-16 12:30	fractal	88
2026-06-16 12:30	support	5
2026-06-16 12:30	wiki4d	34
2026-06-16 12:40	buecher	49
2026-06-16 12:40	dse	6917
2026-06-16 12:40	fractal	124
2026-06-16 12:40	support	6
2026-06-16 12:40	wiki4d	23
2026-06-16 12:50	buecher	28
2026-06-16 12:50	dse	6783
2026-06-16 12:50	fractal	84
2026-06-16 12:50	support	7
2026-06-16 12:50	wiki4d	21
2026-06-16 13:00	buecher	43
2026-06-16 13:00	dse	6716
2026-06-16 13:00	fractal	106
2026-06-16 13:00	support	6
2026-06-16 13:00	wiki4d	43
2026-06-16 13:10	buecher	24
2026-06-16 13:10	dse	6666
2026-06-16 13:10	fractal	80
2026-06-16 13:10	lions	1
2026-06-16 13:10	support	8
2026-06-16 13:10	wiki4d	20
2026-06-16 13:20	buecher	22
2026-06-16 13:20	dse	6688
2026-06-16 13:20	fractal	139
2026-06-16 13:20	support	7
2026-06-16 13:20	wiki4d	30
2026-06-16 13:30	buecher	54
2026-06-16 13:30	culios	1
2026-06-16 13:30	dse	6642
2026-06-16 13:30	fractal	119
2026-06-16 13:30	probier	1
2026-06-16 13:30	support	4
2026-06-16 13:30	wiki4d	27
2026-06-16 13:40	buecher	25
2026-06-16 13:40	culios	2
2026-06-16 13:40	dse	6776
2026-06-16 13:40	fractal	109
2026-06-16 13:40	probier	1
2026-06-16 13:40	support	2
2026-06-16 13:40	wiki4d	24
2026-06-16 13:50	buecher	26
2026-06-16 13:50	dse	6669
2026-06-16 13:50	fractal	99
2026-06-16 13:50	lions	1
2026-06-16 13:50	support	3
2026-06-16 13:50	wiki4d	35
2026-06-16 14:00	buecher	21
2026-06-16 14:00	dse	6754
2026-06-16 14:00	fractal	143
2026-06-16 14:00	support	5
2026-06-16 14:00	wiki4d	32
2026-06-16 14:10	buecher	42
2026-06-16 14:10	dse	6977
2026-06-16 14:10	fractal	119
2026-06-16 14:10	support	6
2026-06-16 14:10	wiki4d	25
2026-06-16 14:20	buecher	62
2026-06-16 14:20	dse	7093
2026-06-16 14:20	fractal	77
2026-06-16 14:20	lions	1
2026-06-16 14:20	nausner	1
2026-06-16 14:20	support	8
2026-06-16 14:20	wiki4d	37
2026-06-16 14:30	buecher	27
2026-06-16 14:30	culios	2
2026-06-16 14:30	dse	7068
2026-06-16 14:30	fractal	112
2026-06-16 14:30	probier	2
2026-06-16 14:30	support	9
2026-06-16 14:30	wiki4d	11
2026-06-16 14:40	buecher	24
2026-06-16 14:40	culios	3
2026-06-16 14:40	dse	7087
2026-06-16 14:40	fractal	117
2026-06-16 14:40	support	5
2026-06-16 14:40	wiki4d	23
2026-06-16 14:50	buecher	52
2026-06-16 14:50	dse	7038
2026-06-16 14:50	fractal	112
2026-06-16 14:50	support	7
2026-06-16 14:50	wiki4d	24
2026-06-16 15:00	buecher	50
2026-06-16 15:00	culios	45
2026-06-16 15:00	dse	7128
2026-06-16 15:00	fractal	105
2026-06-16 15:00	probier	1
2026-06-16 15:00	support	6
2026-06-16 15:00	wiki4d	23
2026-06-16 15:10	buecher	51
2026-06-16 15:10	culios	219
2026-06-16 15:10	dse	7166
2026-06-16 15:10	fractal	112
2026-06-16 15:10	probier	1
2026-06-16 15:10	support	8
2026-06-16 15:10	wiki4d	16
2026-06-16 15:20	buecher	43
2026-06-16 15:20	dse	7174
2026-06-16 15:20	fractal	117
2026-06-16 15:20	probier	1
2026-06-16 15:20	support	5
2026-06-16 15:20	wiki4d	31
2026-06-16 15:30	buecher	79
2026-06-16 15:30	dse	7190
2026-06-16 15:30	fractal	106
2026-06-16 15:30	support	2
2026-06-16 15:30	wiki4d	34
2026-06-16 15:40	buecher	54
2026-06-16 15:40	dse	6501
2026-06-16 15:40	fractal	109
2026-06-16 15:40	probier	1
2026-06-16 15:40	support	7
2026-06-16 15:40	wiki4d	27
2026-06-16 15:50	buecher	65
2026-06-16 15:50	dse	6469
2026-06-16 15:50	fractal	123
2026-06-16 15:50	support	7
2026-06-16 15:50	wiki4d	22
2026-06-16 16:00	buecher	61
2026-06-16 16:00	culios	1
2026-06-16 16:00	dse	6477
2026-06-16 16:00	fractal	94
2026-06-16 16:00	probier	2
2026-06-16 16:00	support	3
2026-06-16 16:00	wiki4d	31
2026-06-16 16:10	buecher	79
2026-06-16 16:10	dse	6453
2026-06-16 16:10	fractal	111
2026-06-16 16:10	probier	1
2026-06-16 16:10	support	9
2026-06-16 16:10	wiki4d	22
2026-06-16 16:20	buecher	30
2026-06-16 16:20	culios	1
2026-06-16 16:20	dse	6426
2026-06-16 16:20	fractal	94
2026-06-16 16:20	nausner	1
2026-06-16 16:20	support	9
2026-06-16 16:20	wiki4d	23
2026-06-16 16:30	buecher	24
2026-06-16 16:30	dse	6373
2026-06-16 16:30	fractal	84
2026-06-16 16:30	probier	1
2026-06-16 16:30	wiki4d	22
2026-06-16 16:40	buecher	10
2026-06-16 16:40	dse	6276
2026-06-16 16:40	fractal	100
2026-06-16 16:40	probier	1
2026-06-16 16:40	support	5
2026-06-16 16:40	wiki4d	20
2026-06-16 16:50	buecher	27
2026-06-16 16:50	culios	1
2026-06-16 16:50	dse	6264
2026-06-16 16:50	fractal	88
2026-06-16 16:50	probier	2
2026-06-16 16:50	wiki4d	34
2026-06-16 17:00	buecher	58
2026-06-16 17:00	dse	6420
2026-06-16 17:00	fractal	98
2026-06-16 17:00	probier	1
2026-06-16 17:00	support	6
2026-06-16 17:00	wiki4d	39
2026-06-16 17:10	buecher	46
2026-06-16 17:10	culios	3
2026-06-16 17:10	dse	6388
2026-06-16 17:10	fractal	136
2026-06-16 17:10	nausner	2
2026-06-16 17:10	probier	1
2026-06-16 17:10	support	2
2026-06-16 17:10	wiki4d	24
2026-06-16 17:20	buecher	52
2026-06-16 17:20	dse	6272
2026-06-16 17:20	fractal	121
2026-06-16 17:20	lions	1
2026-06-16 17:20	probier	1
2026-06-16 17:20	support	5
2026-06-16 17:20	wiki4d	32
2026-06-16 17:30	buecher	13
2026-06-16 17:30	dse	6311
2026-06-16 17:30	fractal	98
2026-06-16 17:30	support	4
2026-06-16 17:30	wiki4d	32
2026-06-16 17:40	buecher	61
2026-06-16 17:40	dse	4744
2026-06-16 17:40	fractal	72
2026-06-16 17:40	nausner	1
2026-06-16 17:40	probier	2
2026-06-16 17:40	support	4
2026-06-16 17:40	wiki4d	22
2026-06-16 17:50	buecher	78
2026-06-16 17:50	dse	608
2026-06-16 17:50	fractal	148
2026-06-16 17:50	nausner	2
2026-06-16 17:50	probier	1
2026-06-16 17:50	support	7
2026-06-16 17:50	wiki4d	17
2026-06-16 18:00	buecher	21
2026-06-16 18:00	dse	494
2026-06-16 18:00	fractal	333
2026-06-16 18:00	support	2
2026-06-16 18:00	wiki4d	19
2026-06-16 18:10	buecher	21
2026-06-16 18:10	culios	1
2026-06-16 18:10	dse	1775
2026-06-16 18:10	fractal	267
2026-06-16 18:10	probier	1
2026-06-16 18:10	support	4
2026-06-16 18:10	wiki4d	17
2026-06-16 18:20	buecher	18
2026-06-16 18:20	dse	1559
2026-06-16 18:20	fractal	78
2026-06-16 18:20	support	6
2026-06-16 18:20	wiki4d	26
2026-06-16 18:30	buecher	49
2026-06-16 18:30	culios	1
2026-06-16 18:30	dse	3260
2026-06-16 18:30	fractal	151
2026-06-16 18:30	nausner	2
2026-06-16 18:30	probier	3
2026-06-16 18:30	support	1
2026-06-16 18:30	wiki4d	27
2026-06-16 18:40	buecher	43
2026-06-16 18:40	dse	5153
2026-06-16 18:40	fractal	146
2026-06-16 18:40	probier	1
2026-06-16 18:40	support	6
2026-06-16 18:40	wiki4d	32
2026-06-16 18:50	buecher	69
2026-06-16 18:50	dse	6141
2026-06-16 18:50	fractal	214
2026-06-16 18:50	probier	18
2026-06-16 18:50	support	10
2026-06-16 18:50	wiki4d	26
2026-06-16 19:00	buecher	41
2026-06-16 19:00	dse	5556
2026-06-16 19:00	fractal	160
2026-06-16 19:00	probier	30
2026-06-16 19:00	support	10
2026-06-16 19:00	wiki4d	32
2026-06-16 19:10	buecher	44
2026-06-16 19:10	culios	2
2026-06-16 19:10	dse	7826
2026-06-16 19:10	fractal	134
2026-06-16 19:10	lions	1
2026-06-16 19:10	nausner	1
2026-06-16 19:10	support	12
2026-06-16 19:10	wiki4d	37
2026-06-16 19:20	buecher	37
2026-06-16 19:20	culios	1
2026-06-16 19:20	dse	11271
2026-06-16 19:20	fractal	1035
2026-06-16 19:20	lions	1
2026-06-16 19:20	probier	9
2026-06-16 19:20	support	11
2026-06-16 19:20	wiki4d	58
2026-06-16 19:30	buecher	53
2026-06-16 19:30	dse	14307
2026-06-16 19:30	fractal	1038
2026-06-16 19:30	lions	1
2026-06-16 19:30	nausner	2
2026-06-16 19:30	probier	59
2026-06-16 19:30	support	6
2026-06-16 19:30	wiki4d	50
2026-06-16 19:40	buecher	56
2026-06-16 19:40	dse	14827
2026-06-16 19:40	fractal	829
2026-06-16 19:40	probier	10
2026-06-16 19:40	support	13
2026-06-16 19:40	wiki4d	24
2026-06-16 19:50	buecher	130
2026-06-16 19:50	dse	13231
2026-06-16 19:50	fractal	919
2026-06-16 19:50	probier	18
2026-06-16 19:50	support	11
2026-06-16 19:50	wiki4d	32
2026-06-16 20:00	buecher	47
2026-06-16 20:00	dse	11193
2026-06-16 20:00	fractal	768
2026-06-16 20:00	probier	7
2026-06-16 20:00	support	8
2026-06-16 20:00	wiki4d	50
2026-06-16 20:10	buecher	64
2026-06-16 20:10	dse	14934
2026-06-16 20:10	fractal	239
2026-06-16 20:10	probier	10
2026-06-16 20:10	support	14
2026-06-16 20:10	wiki4d	56
2026-06-16 20:20	buecher	17
2026-06-16 20:20	dse	14058
2026-06-16 20:20	fractal	157
2026-06-16 20:20	probier	13
2026-06-16 20:20	support	11
2026-06-16 20:20	wiki4d	35
2026-06-16 20:30	buecher	28
2026-06-16 20:30	dse	11118
2026-06-16 20:30	fractal	92
2026-06-16 20:30	lions	1
2026-06-16 20:30	nausner	9
2026-06-16 20:30	probier	13
2026-06-16 20:30	support	6
2026-06-16 20:30	wiki4d	22
2026-06-16 20:40	buecher	17
2026-06-16 20:40	dse	10035
2026-06-16 20:40	fractal	91
2026-06-16 20:40	probier	3
2026-06-16 20:40	support	6
2026-06-16 20:40	wiki4d	22
2026-06-16 20:50	buecher	20
2026-06-16 20:50	dse	15280
2026-06-16 20:50	fractal	142
2026-06-16 20:50	nausner	1
2026-06-16 20:50	probier	18
2026-06-16 20:50	support	9
2026-06-16 20:50	wiki4d	15
2026-06-16 21:00	buecher	21
2026-06-16 21:00	dse	15587
2026-06-16 21:00	fractal	159
2026-06-16 21:00	probier	15
2026-06-16 21:00	support	4
2026-06-16 21:00	wiki4d	35
2026-06-16 21:10	buecher	44
2026-06-16 21:10	dse	9636
2026-06-16 21:10	fractal	123
2026-06-16 21:10	support	10
2026-06-16 21:10	wiki4d	13
2026-06-16 21:20	buecher	26
2026-06-16 21:20	dse	14566
2026-06-16 21:20	fractal	161
2026-06-16 21:20	probier	11
2026-06-16 21:20	support	1
2026-06-16 21:20	wiki4d	25
2026-06-16 21:30	buecher	11
2026-06-16 21:30	dse	15687
2026-06-16 21:30	fractal	103
2026-06-16 21:30	lions	1
2026-06-16 21:30	probier	5
2026-06-16 21:30	support	4
2026-06-16 21:30	wiki4d	30
2026-06-16 21:40	buecher	27
2026-06-16 21:40	dse	17022
2026-06-16 21:40	fractal	135
2026-06-16 21:40	probier	1
2026-06-16 21:40	support	6
2026-06-16 21:40	wiki4d	63
2026-06-16 21:50	buecher	52
2026-06-16 21:50	culios	2
2026-06-16 21:50	dse	16108
2026-06-16 21:50	fractal	115
2026-06-16 21:50	lions	1
2026-06-16 21:50	probier	8
2026-06-16 21:50	support	8
2026-06-16 21:50	wiki4d	28
2026-06-16 22:00	buecher	59
2026-06-16 22:00	dse	17849
2026-06-16 22:00	fractal	125
2026-06-16 22:00	support	5
2026-06-16 22:00	wiki4d	19
2026-06-16 22:10	buecher	18
2026-06-16 22:10	dse	17343
2026-06-16 22:10	fractal	112
2026-06-16 22:10	lions	1
2026-06-16 22:10	nausner	1
2026-06-16 22:10	support	14
2026-06-16 22:10	wiki4d	32
2026-06-16 22:20	buecher	23
2026-06-16 22:20	dse	12938
2026-06-16 22:20	fractal	149
2026-06-16 22:20	support	8
2026-06-16 22:20	wiki4d	15
2026-06-16 22:30	buecher	18
2026-06-16 22:30	culios	1
2026-06-16 22:30	dse	12989
2026-06-16 22:30	fractal	114
2026-06-16 22:30	nausner	1
2026-06-16 22:30	support	2
2026-06-16 22:30	wiki4d	27
2026-06-16 22:40	buecher	52
2026-06-16 22:40	culios	1
2026-06-16 22:40	dse	11678
2026-06-16 22:40	fractal	123
2026-06-16 22:40	nausner	2
2026-06-16 22:40	support	8
2026-06-16 22:40	wiki4d	45
2026-06-16 22:50	buecher	49
2026-06-16 22:50	culios	1
2026-06-16 22:50	dse	10614
2026-06-16 22:50	fractal	89
2026-06-16 22:50	lions	2
2026-06-16 22:50	support	5
2026-06-16 22:50	wiki4d	14
2026-06-16 23:00	buecher	51
2026-06-16 23:00	dse	9864
2026-06-16 23:00	fractal	86
2026-06-16 23:00	probier	1
2026-06-16 23:00	support	5
2026-06-16 23:00	wiki4d	23
2026-06-16 23:10	buecher	45
2026-06-16 23:10	dse	10044
2026-06-16 23:10	fractal	127
2026-06-16 23:10	support	10
2026-06-16 23:10	wiki4d	27
2026-06-16 23:20	buecher	82
2026-06-16 23:20	culios	1
2026-06-16 23:20	dse	9139
2026-06-16 23:20	fractal	121
2026-06-16 23:20	nausner	2
2026-06-16 23:20	support	22
2026-06-16 23:20	wiki4d	31
2026-06-16 23:30	buecher	64
2026-06-16 23:30	dse	5626
2026-06-16 23:30	fractal	100
2026-06-16 23:30	support	3
2026-06-16 23:30	wiki4d	59
2026-06-16 23:40	buecher	53
2026-06-16 23:40	dse	6213
2026-06-16 23:40	fractal	137
2026-06-16 23:40	lions	1
2026-06-16 23:40	probier	1
2026-06-16 23:40	support	14
2026-06-16 23:40	wiki4d	23
2026-06-16 23:50	buecher	20
2026-06-16 23:50	culios	1
2026-06-16 23:50	dse	7003
2026-06-16 23:50	fractal	76
2026-06-16 23:50	support	9
2026-06-16 23:50	wiki4d	26
2026-06-17 00:00	buecher	39
2026-06-17 00:00	dse	7148
2026-06-17 00:00	fractal	169
2026-06-17 00:00	lions	1
2026-06-17 00:00	nausner	6
2026-06-17 00:00	probier	1
2026-06-17 00:00	support	4
2026-06-17 00:00	wiki4d	38
2026-06-17 00:10	buecher	35
2026-06-17 00:10	dse	7408
2026-06-17 00:10	fractal	106
2026-06-17 00:10	probier	1
2026-06-17 00:10	support	7
2026-06-17 00:10	wiki4d	17
2026-06-17 00:20	buecher	13
2026-06-17 00:20	dse	7642
2026-06-17 00:20	fractal	108
2026-06-17 00:20	support	6
2026-06-17 00:20	wiki4d	14
2026-06-17 00:30	buecher	8
2026-06-17 00:30	dse	8055
2026-06-17 00:30	fractal	111
2026-06-17 00:30	lions	1
2026-06-17 00:30	probier	1
2026-06-17 00:30	support	2
2026-06-17 00:30	wiki4d	24
2026-06-17 00:40	buecher	27
2026-06-17 00:40	dse	7692
2026-06-17 00:40	fractal	111
2026-06-17 00:40	support	5
2026-06-17 00:40	wiki4d	19
2026-06-17 00:50	buecher	37
2026-06-17 00:50	dse	8852
2026-06-17 00:50	fractal	88
2026-06-17 00:50	nausner	1
2026-06-17 00:50	probier	4
2026-06-17 00:50	support	7
2026-06-17 00:50	wiki4d	22
2026-06-17 01:00	buecher	32
2026-06-17 01:00	culios	1
2026-06-17 01:00	dse	10302
2026-06-17 01:00	fractal	87
2026-06-17 01:00	probier	1
2026-06-17 01:00	support	3
2026-06-17 01:00	wiki4d	19
2026-06-17 01:10	buecher	48
2026-06-17 01:10	dse	10026
2026-06-17 01:10	fractal	73
2026-06-17 01:10	probier	1
2026-06-17 01:10	support	5
2026-06-17 01:10	wiki4d	21
2026-06-17 01:20	buecher	194
2026-06-17 01:20	dse	9555
2026-06-17 01:20	fractal	86
2026-06-17 01:20	support	8
2026-06-17 01:20	wiki4d	22
2026-06-17 01:30	buecher	80
2026-06-17 01:30	culios	3
2026-06-17 01:30	dse	9746
2026-06-17 01:30	fractal	98
2026-06-17 01:30	nausner	1
2026-06-17 01:30	probier	3
2026-06-17 01:30	support	23
2026-06-17 01:30	wiki4d	36
2026-06-17 01:40	buecher	58
2026-06-17 01:40	culios	1
2026-06-17 01:40	dse	9332
2026-06-17 01:40	fractal	81
2026-06-17 01:40	lions	1
2026-06-17 01:40	probier	14
2026-06-17 01:40	support	5
2026-06-17 01:40	wiki4d	21
2026-06-17 01:50	buecher	30
2026-06-17 01:50	culios	1
2026-06-17 01:50	dse	8333
2026-06-17 01:50	fractal	73
2026-06-17 01:50	lions	1
2026-06-17 01:50	support	5
2026-06-17 01:50	wiki4d	34
2026-06-17 02:00	buecher	11
2026-06-17 02:00	dse	10866
2026-06-17 02:00	fractal	88
2026-06-17 02:00	probier	2
2026-06-17 02:00	support	7
2026-06-17 02:00	wiki4d	20
2026-06-17 02:10	buecher	32
2026-06-17 02:10	dse	10388
2026-06-17 02:10	fractal	125
2026-06-17 02:10	nausner	1
2026-06-17 02:10	support	12
2026-06-17 02:10	wiki4d	22
2026-06-17 02:20	buecher	32
2026-06-17 02:20	culios	1
2026-06-17 02:20	dse	8093
2026-06-17 02:20	fractal	250
2026-06-17 02:20	lions	1
2026-06-17 02:20	support	4
2026-06-17 02:20	wiki4d	18
2026-06-17 02:30	buecher	10
2026-06-17 02:30	dse	6498
2026-06-17 02:30	fractal	179
2026-06-17 02:30	probier	4
2026-06-17 02:30	support	3
2026-06-17 02:30	wiki4d	20
2026-06-17 02:40	buecher	20
2026-06-17 02:40	culios	1
2026-06-17 02:40	dse	7579
2026-06-17 02:40	fractal	124
2026-06-17 02:40	lions	1
2026-06-17 02:40	probier	1
2026-06-17 02:40	wiki4d	19
2026-06-17 02:50	buecher	72
2026-06-17 02:50	culios	1
2026-06-17 02:50	dse	9975
2026-06-17 02:50	fractal	140
2026-06-17 02:50	lions	1
2026-06-17 02:50	support	10
2026-06-17 02:50	wiki4d	33
2026-06-17 03:00	buecher	50
2026-06-17 03:00	dse	10291
2026-06-17 03:00	fractal	98
2026-06-17 03:00	lions	1
2026-06-17 03:00	support	4
2026-06-17 03:00	wiki4d	22
2026-06-17 03:10	buecher	51
2026-06-17 03:10	dse	8874
2026-06-17 03:10	fractal	144
2026-06-17 03:10	probier	2
2026-06-17 03:10	support	15
2026-06-17 03:10	wiki4d	24
2026-06-17 03:20	buecher	63
2026-06-17 03:20	dse	6517
2026-06-17 03:20	fractal	119
2026-06-17 03:20	nausner	1
2026-06-17 03:20	probier	2
2026-06-17 03:20	support	9
2026-06-17 03:20	wiki4d	22
2026-06-17 03:30	buecher	49
2026-06-17 03:30	dse	6929
2026-06-17 03:30	fractal	152
2026-06-17 03:30	support	17
2026-06-17 03:30	wiki4d	19
2026-06-17 03:40	buecher	55
2026-06-17 03:40	culios	2
2026-06-17 03:40	dse	4456
2026-06-17 03:40	fractal	122
2026-06-17 03:40	nausner	2
2026-06-17 03:40	probier	3
2026-06-17 03:40	support	11
2026-06-17 03:40	wiki4d	28
2026-06-17 03:50	buecher	16
2026-06-17 03:50	culios	1
2026-06-17 03:50	dse	4578
2026-06-17 03:50	fractal	111
2026-06-17 03:50	nausner	6
2026-06-17 03:50	probier	3
2026-06-17 03:50	support	7
2026-06-17 03:50	wiki4d	604
2026-06-17 04:00	buecher	12
2026-06-17 04:00	dse	4703
2026-06-17 04:00	fractal	154
2026-06-17 04:00	lions	1
2026-06-17 04:00	support	2
2026-06-17 04:00	wiki4d	18
2026-06-17 04:10	buecher	13
2026-06-17 04:10	dse	3943
2026-06-17 04:10	fractal	179
2026-06-17 04:10	nausner	1
2026-06-17 04:10	probier	2
2026-06-17 04:10	support	13
2026-06-17 04:10	wiki4d	24
2026-06-17 04:20	buecher	44
2026-06-17 04:20	culios	1
2026-06-17 04:20	dse	1956
2026-06-17 04:20	fractal	128
2026-06-17 04:20	lions	1
2026-06-17 04:20	probier	1
2026-06-17 04:20	support	5
2026-06-17 04:20	wiki4d	30
2026-06-17 04:30	buecher	23
2026-06-17 04:30	culios	2
2026-06-17 04:30	dse	2577
2026-06-17 04:30	fractal	219
2026-06-17 04:30	probier	22
2026-06-17 04:30	support	5
2026-06-17 04:30	wiki4d	13
2026-06-17 04:40	buecher	17
2026-06-17 04:40	dse	1235
2026-06-17 04:40	fractal	169
2026-06-17 04:40	wiki4d	24
2026-06-17 04:50	buecher	23
2026-06-17 04:50	dse	1283
2026-06-17 04:50	fractal	114
2026-06-17 04:50	support	4
2026-06-17 04:50	wiki4d	25
2026-06-17 05:00	buecher	39
2026-06-17 05:00	dse	1298
2026-06-17 05:00	fractal	115
2026-06-17 05:00	probier	1
2026-06-17 05:00	support	10
2026-06-17 05:00	wiki4d	43
2026-06-17 05:10	buecher	27
2026-06-17 05:10	dse	1610
2026-06-17 05:10	fractal	260
2026-06-17 05:10	probier	7
2026-06-17 05:10	support	15
2026-06-17 05:10	wiki4d	13
2026-06-17 05:20	buecher	50
2026-06-17 05:20	dse	4109
2026-06-17 05:20	fractal	130
2026-06-17 05:20	lions	1
2026-06-17 05:20	support	5
2026-06-17 05:20	wiki4d	20
2026-06-17 05:30	buecher	53
2026-06-17 05:30	dse	2379
2026-06-17 05:30	fractal	114
2026-06-17 05:30	support	30
2026-06-17 05:30	wiki4d	33
2026-06-17 05:40	buecher	61
2026-06-17 05:40	dse	3082
2026-06-17 05:40	fractal	257
2026-06-17 05:40	nausner	1
2026-06-17 05:40	probier	2
2026-06-17 05:40	support	8
2026-06-17 05:40	wiki4d	37
2026-06-17 05:50	buecher	42
2026-06-17 05:50	dse	2889
2026-06-17 05:50	fractal	163
2026-06-17 05:50	probier	1
2026-06-17 05:50	support	6
2026-06-17 05:50	wiki4d	27
2026-06-17 06:00	buecher	44
2026-06-17 06:00	dse	2707
2026-06-17 06:00	fractal	196
2026-06-17 06:00	wiki4d	30
2026-06-17 06:10	buecher	48
2026-06-17 06:10	dse	2432
2026-06-17 06:10	fractal	199
2026-06-17 06:10	probier	10
2026-06-17 06:10	support	5
2026-06-17 06:10	wiki4d	26
2026-06-17 06:20	buecher	64
2026-06-17 06:20	dse	2702
2026-06-17 06:20	fractal	148
2026-06-17 06:20	probier	4
2026-06-17 06:20	support	32
2026-06-17 06:20	wiki4d	23
2026-06-17 06:30	buecher	433
2026-06-17 06:30	dse	3746
2026-06-17 06:30	fractal	198
2026-06-17 06:30	lions	1
2026-06-17 06:30	probier	5
2026-06-17 06:30	wiki4d	36
2026-06-17 06:40	buecher	53
2026-06-17 06:40	culios	1
2026-06-17 06:40	dse	2146
2026-06-17 06:40	fractal	286
2026-06-17 06:40	lions	1
2026-06-17 06:40	nausner	2
2026-06-17 06:40	probier	1
2026-06-17 06:40	support	18
2026-06-17 06:40	wiki4d	25
2026-06-17 06:50	buecher	72
2026-06-17 06:50	culios	1
2026-06-17 06:50	dse	3908
2026-06-17 06:50	fractal	171
2026-06-17 06:50	nausner	1
2026-06-17 06:50	probier	1
2026-06-17 06:50	support	18
2026-06-17 06:50	wiki4d	27
2026-06-17 07:00	buecher	91
2026-06-17 07:00	dse	2992
2026-06-17 07:00	fractal	144
2026-06-17 07:00	lions	2
2026-06-17 07:00	support	5
2026-06-17 07:00	wiki4d	49
2026-06-17 07:10	buecher	101
2026-06-17 07:10	dse	1842
2026-06-17 07:10	fractal	126
2026-06-17 07:10	lions	2
2026-06-17 07:10	nausner	1
2026-06-17 07:10	probier	6
2026-06-17 07:10	support	5
2026-06-17 07:10	wiki4d	29
2026-06-17 07:20	buecher	65
2026-06-17 07:20	dse	1932
2026-06-17 07:20	fractal	253
2026-06-17 07:20	nausner	1
2026-06-17 07:20	probier	12
2026-06-17 07:20	support	16
2026-06-17 07:20	wiki4d	49
2026-06-17 07:30	buecher	45
2026-06-17 07:30	dse	1848
2026-06-17 07:30	fractal	151
2026-06-17 07:30	lions	1
2026-06-17 07:30	probier	4
2026-06-17 07:30	support	4
2026-06-17 07:30	wiki4d	40
2026-06-17 07:40	buecher	41
2026-06-17 07:40	dse	1717
2026-06-17 07:40	fractal	111
2026-06-17 07:40	lions	1
2026-06-17 07:40	nausner	1
2026-06-17 07:40	probier	2
2026-06-17 07:40	support	19
2026-06-17 07:40	wiki4d	33
2026-06-17 07:50	buecher	61
2026-06-17 07:50	dse	1706
2026-06-17 07:50	fractal	139
2026-06-17 07:50	lions	1
2026-06-17 07:50	nausner	1
2026-06-17 07:50	probier	3
2026-06-17 07:50	support	3
2026-06-17 07:50	wiki4d	33
2026-06-17 08:00	buecher	48
2026-06-17 08:00	culios	1
2026-06-17 08:00	dse	4445
2026-06-17 08:00	fractal	203
2026-06-17 08:00	nausner	1
2026-06-17 08:00	probier	1
2026-06-17 08:00	support	9
2026-06-17 08:00	wiki4d	29
2026-06-17 08:10	buecher	21
2026-06-17 08:10	dse	1697
2026-06-17 08:10	fractal	196
2026-06-17 08:10	nausner	1
2026-06-17 08:10	probier	3
2026-06-17 08:10	support	22
2026-06-17 08:10	wiki4d	24
2026-06-17 08:20	buecher	36
2026-06-17 08:20	dse	1382
2026-06-17 08:20	fractal	237
2026-06-17 08:20	nausner	1
2026-06-17 08:20	support	4
2026-06-17 08:20	wiki4d	36
2026-06-17 08:30	buecher	27
2026-06-17 08:30	dse	1192
2026-06-17 08:30	fractal	208
2026-06-17 08:30	probier	4
2026-06-17 08:30	support	1
2026-06-17 08:30	wiki4d	22
2026-06-17 08:40	buecher	23
2026-06-17 08:40	dse	1294
2026-06-17 08:40	fractal	302
2026-06-17 08:40	nausner	1
2026-06-17 08:40	support	12
2026-06-17 08:40	wiki4d	16
2026-06-17 08:50	buecher	32
2026-06-17 08:50	culios	1
2026-06-17 08:50	dse	1385
2026-06-17 08:50	fractal	144
2026-06-17 08:50	probier	3
2026-06-17 08:50	support	3
2026-06-17 08:50	wiki4d	27
2026-06-17 09:00	buecher	29
2026-06-17 09:00	dse	2159
2026-06-17 09:00	fractal	191
2026-06-17 09:00	nausner	1
2026-06-17 09:00	probier	1
2026-06-17 09:00	support	30
2026-06-17 09:00	wiki4d	46
2026-06-17 09:10	buecher	25
2026-06-17 09:10	dse	1553
2026-06-17 09:10	fractal	145
2026-06-17 09:10	nausner	1
2026-06-17 09:10	probier	3
2026-06-17 09:10	support	2
2026-06-17 09:10	wiki4d	29
2026-06-17 09:20	buecher	31
2026-06-17 09:20	culios	1
2026-06-17 09:20	dse	1564
2026-06-17 09:20	fractal	222
2026-06-17 09:20	nausner	1
2026-06-17 09:20	support	3
2026-06-17 09:20	wiki4d	19
2026-06-17 09:30	buecher	36
2026-06-17 09:30	culios	1
2026-06-17 09:30	dse	1403
2026-06-17 09:30	fractal	300
2026-06-17 09:30	nausner	1
2026-06-17 09:30	support	8
2026-06-17 09:30	wiki4d	26
2026-06-17 09:40	buecher	31
2026-06-17 09:40	dse	1647
2026-06-17 09:40	fractal	179
2026-06-17 09:40	nausner	3
2026-06-17 09:40	support	8
2026-06-17 09:40	wiki4d	31
2026-06-17 09:50	buecher	37
2026-06-17 09:50	culios	1
2026-06-17 09:50	dse	2429
2026-06-17 09:50	fractal	134
2026-06-17 09:50	nausner	1
2026-06-17 09:50	support	2
2026-06-17 09:50	wiki4d	22
2026-06-17 10:00	buecher	82
2026-06-17 10:00	dse	3213
2026-06-17 10:00	fractal	141
2026-06-17 10:00	probier	2
2026-06-17 10:00	support	6
2026-06-17 10:00	wiki4d	15
2026-06-17 10:10	buecher	90
2026-06-17 10:10	culios	1
2026-06-17 10:10	dse	2272
2026-06-17 10:10	fractal	267
2026-06-17 10:10	support	12
2026-06-17 10:10	wiki4d	34
2026-06-17 10:20	buecher	72
2026-06-17 10:20	dse	1515
2026-06-17 10:20	fractal	138
2026-06-17 10:20	nausner	1
2026-06-17 10:20	support	3
2026-06-17 10:20	wiki4d	24
2026-06-17 10:30	buecher	31
2026-06-17 10:30	culios	3
2026-06-17 10:30	dse	1904
2026-06-17 10:30	fractal	317
2026-06-17 10:30	nausner	2
2026-06-17 10:30	support	35
2026-06-17 10:30	wiki4d	34
2026-06-17 10:40	buecher	64
2026-06-17 10:40	culios	3
2026-06-17 10:40	dse	1262
2026-06-17 10:40	fractal	171
2026-06-17 10:40	nausner	2
2026-06-17 10:40	probier	2
2026-06-17 10:40	support	4
2026-06-17 10:40	wiki4d	24
2026-06-17 10:50	buecher	18
2026-06-17 10:50	culios	1
2026-06-17 10:50	dse	1310
2026-06-17 10:50	fractal	188
2026-06-17 10:50	nausner	1
2026-06-17 10:50	probier	1
2026-06-17 10:50	support	16
2026-06-17 10:50	wiki4d	14
2026-06-17 11:00	buecher	68
2026-06-17 11:00	culios	8
2026-06-17 11:00	dse	1485
2026-06-17 11:00	fractal	153
2026-06-17 11:00	lions	3
2026-06-17 11:00	support	9
2026-06-17 11:00	wiki4d	36
2026-06-17 11:10	buecher	83
2026-06-17 11:10	culios	1
2026-06-17 11:10	dse	1371
2026-06-17 11:10	fractal	146
2026-06-17 11:10	nausner	2
2026-06-17 11:10	support	4
2026-06-17 11:10	wiki4d	45
2026-06-17 11:20	buecher	72
2026-06-17 11:20	dse	1103
2026-06-17 11:20	fractal	276
2026-06-17 11:20	support	7
2026-06-17 11:20	wiki4d	26
2026-06-17 11:30	buecher	61
2026-06-17 11:30	dse	1141
2026-06-17 11:30	fractal	128
2026-06-17 11:30	support	2
2026-06-17 11:30	wiki4d	21
2026-06-17 11:40	buecher	68
2026-06-17 11:40	culios	1
2026-06-17 11:40	dse	1203
2026-06-17 11:40	fractal	159
2026-06-17 11:40	nausner	1
2026-06-17 11:40	probier	25
2026-06-17 11:40	support	22
2026-06-17 11:40	wiki4d	23
2026-06-17 11:50	buecher	61
2026-06-17 11:50	dse	855
2026-06-17 11:50	fractal	171
2026-06-17 11:50	probier	41
2026-06-17 11:50	support	2
2026-06-17 11:50	wiki4d	39
2026-06-17 12:00	buecher	57
2026-06-17 12:00	culios	1
2026-06-17 12:00	dse	829
2026-06-17 12:00	fractal	193
2026-06-17 12:00	lions	2
2026-06-17 12:00	probier	20
2026-06-17 12:00	support	2
2026-06-17 12:00	wiki4d	33
2026-06-17 12:10	buecher	91
2026-06-17 12:10	dse	929
2026-06-17 12:10	fractal	336
2026-06-17 12:10	nausner	2
2026-06-17 12:10	support	8
2026-06-17 12:10	wiki4d	20
2026-06-17 12:20	buecher	74
2026-06-17 12:20	dse	956
2026-06-17 12:20	fractal	138
2026-06-17 12:20	support	1
2026-06-17 12:20	wiki4d	32
2026-06-17 12:30	buecher	66
2026-06-17 12:30	dse	661
2026-06-17 12:30	fractal	164
2026-06-17 12:30	nausner	1
2026-06-17 12:30	support	20
2026-06-17 12:30	wiki4d	44
2026-06-17 12:40	buecher	17
2026-06-17 12:40	dse	844
2026-06-17 12:40	fractal	214
2026-06-17 12:40	nausner	3
2026-06-17 12:40	support	2
2026-06-17 12:40	wiki4d	55
2026-06-17 12:50	buecher	31
2026-06-17 12:50	dse	878
2026-06-17 12:50	fractal	284
2026-06-17 12:50	support	11
2026-06-17 12:50	wiki4d	40
2026-06-17 13:00	buecher	9
2026-06-17 13:00	dse	619
2026-06-17 13:00	fractal	156
2026-06-17 13:00	nausner	14
2026-06-17 13:00	probier	3
2026-06-17 13:00	support	1
2026-06-17 13:00	wiki4d	29
2026-06-17 13:10	buecher	30
2026-06-17 13:10	culios	1
2026-06-17 13:10	dse	2488
2026-06-17 13:10	fractal	82
2026-06-17 13:10	lions	1
2026-06-17 13:10	nausner	1
2026-06-17 13:10	support	24
2026-06-17 13:10	wiki4d	18
2026-06-17 13:20	buecher	16
2026-06-17 13:20	culios	1
2026-06-17 13:20	dse	857
2026-06-17 13:20	fractal	114
2026-06-17 13:20	support	3
2026-06-17 13:20	wiki4d	28
2026-06-17 13:30	buecher	38
2026-06-17 13:30	dse	713
2026-06-17 13:30	fractal	208
2026-06-17 13:30	support	6
2026-06-17 13:30	wiki4d	16
2026-06-17 13:40	buecher	12
2026-06-17 13:40	dse	831
2026-06-17 13:40	fractal	216
2026-06-17 13:40	support	16
2026-06-17 13:40	wiki4d	16
2026-06-17 13:50	buecher	13
2026-06-17 13:50	dse	1297
2026-06-17 13:50	fractal	132
2026-06-17 13:50	probier	1
2026-06-17 13:50	support	16
2026-06-17 13:50	wiki4d	28
2026-06-17 14:00	buecher	19
2026-06-17 14:00	dse	676
2026-06-17 14:00	fractal	132
2026-06-17 14:00	lions	1
2026-06-17 14:00	support	4
2026-06-17 14:00	wiki4d	18
2026-06-17 14:10	buecher	33
2026-06-17 14:10	culios	1
2026-06-17 14:10	dse	632
2026-06-17 14:10	fractal	187
2026-06-17 14:10	nausner	2
2026-06-17 14:10	support	1
2026-06-17 14:10	wiki4d	41
2026-06-17 14:20	buecher	15
2026-06-17 14:20	dse	575
2026-06-17 14:20	fractal	224
2026-06-17 14:20	support	7
2026-06-17 14:20	wiki4d	27
2026-06-17 14:30	buecher	18
2026-06-17 14:30	dse	633
2026-06-17 14:30	fractal	230
2026-06-17 14:30	support	7
2026-06-17 14:30	wiki4d	15
2026-06-17 14:40	buecher	19
2026-06-17 14:40	dse	749
2026-06-17 14:40	fractal	147
2026-06-17 14:40	nausner	1
2026-06-17 14:40	support	17
2026-06-17 14:40	wiki4d	16
2026-06-17 14:50	buecher	40
2026-06-17 14:50	dse	707
2026-06-17 14:50	fractal	171
2026-06-17 14:50	support	4
2026-06-17 14:50	wiki4d	43
2026-06-17 15:00	buecher	106
2026-06-17 15:00	culios	1
2026-06-17 15:00	dse	655
2026-06-17 15:00	fractal	195
2026-06-17 15:00	nausner	3
2026-06-17 15:00	support	12
2026-06-17 15:00	wiki4d	36
2026-06-17 15:10	buecher	84
2026-06-17 15:10	culios	3
2026-06-17 15:10	dse	1049
2026-06-17 15:10	fractal	382
2026-06-17 15:10	nausner	2
2026-06-17 15:10	support	25
2026-06-17 15:10	wiki4d	34
2026-06-17 15:20	buecher	73
2026-06-17 15:20	culios	3
2026-06-17 15:20	dse	1118
2026-06-17 15:20	fractal	288
2026-06-17 15:20	nausner	1
2026-06-17 15:20	support	12
2026-06-17 15:20	wiki4d	23
2026-06-17 15:30	buecher	72
2026-06-17 15:30	culios	7
2026-06-17 15:30	dse	2017
2026-06-17 15:30	fractal	138
2026-06-17 15:30	nausner	3
2026-06-17 15:30	probier	1
2026-06-17 15:30	support	20
2026-06-17 15:30	wiki4d	67
2026-06-17 15:40	buecher	112
2026-06-17 15:40	dse	2265
2026-06-17 15:40	fractal	198
2026-06-17 15:40	nausner	2
2026-06-17 15:40	probier	1
2026-06-17 15:40	support	23
2026-06-17 15:40	wiki4d	62
2026-06-17 15:50	buecher	95
2026-06-17 15:50	culios	3
2026-06-17 15:50	dse	1532
2026-06-17 15:50	fractal	263
2026-06-17 15:50	lions	1
2026-06-17 15:50	nausner	5
2026-06-17 15:50	probier	1
2026-06-17 15:50	support	33
2026-06-17 15:50	wiki4d	31
2026-06-17 16:00	buecher	72
2026-06-17 16:00	culios	3
2026-06-17 16:00	dse	1605
2026-06-17 16:00	fractal	133
2026-06-17 16:00	probier	1
2026-06-17 16:00	support	13
2026-06-17 16:00	wiki4d	56
2026-06-17 16:10	buecher	85
2026-06-17 16:10	culios	1
2026-06-17 16:10	dse	2818
2026-06-17 16:10	fractal	147
2026-06-17 16:10	nausner	5
2026-06-17 16:10	support	31
2026-06-17 16:10	wiki4d	36
2026-06-17 16:20	buecher	68
2026-06-17 16:20	culios	4
2026-06-17 16:20	dse	2504
2026-06-17 16:20	fractal	140
2026-06-17 16:20	lions	1
2026-06-17 16:20	nausner	5
2026-06-17 16:20	support	18
2026-06-17 16:20	wiki4d	24
2026-06-17 16:30	buecher	79
2026-06-17 16:30	culios	2
2026-06-17 16:30	dse	2630
2026-06-17 16:30	fractal	179
2026-06-17 16:30	lions	1
2026-06-17 16:30	nausner	1
2026-06-17 16:30	probier	2
2026-06-17 16:30	support	21
2026-06-17 16:30	wiki4d	26
2026-06-17 16:40	buecher	100
2026-06-17 16:40	culios	2
2026-06-17 16:40	dse	2380
2026-06-17 16:40	fractal	251
2026-06-17 16:40	probier	1
2026-06-17 16:40	support	19
2026-06-17 16:40	wiki4d	30
2026-06-17 16:50	buecher	79
2026-06-17 16:50	culios	1
2026-06-17 16:50	dse	2338
2026-06-17 16:50	fractal	150
2026-06-17 16:50	lions	1
2026-06-17 16:50	nausner	3
2026-06-17 16:50	support	41
2026-06-17 16:50	wiki4d	36
2026-06-17 17:00	buecher	70
2026-06-17 17:00	culios	2
2026-06-17 17:00	dse	4784
2026-06-17 17:00	fractal	213
2026-06-17 17:00	lions	1
2026-06-17 17:00	nausner	2
2026-06-17 17:00	support	14
2026-06-17 17:00	wiki4d	64
2026-06-17 17:10	buecher	81
2026-06-17 17:10	culios	5
2026-06-17 17:10	dse	5624
2026-06-17 17:10	fractal	142
2026-06-17 17:10	lions	1
2026-06-17 17:10	nausner	6
2026-06-17 17:10	probier	1
2026-06-17 17:10	support	17
2026-06-17 17:10	wiki4d	43
2026-06-17 17:20	buecher	119
2026-06-17 17:20	dse	2794
2026-06-17 17:20	fractal	217
2026-06-17 17:20	nausner	3
2026-06-17 17:20	support	18
2026-06-17 17:20	wiki4d	34
2026-06-17 17:30	buecher	123
2026-06-17 17:30	culios	6
2026-06-17 17:30	dse	1793
2026-06-17 17:30	fractal	135
2026-06-17 17:30	nausner	6
2026-06-17 17:30	support	30
2026-06-17 17:30	wiki4d	30
2026-06-17 17:40	buecher	87
2026-06-17 17:40	culios	2
2026-06-17 17:40	dse	1411
2026-06-17 17:40	fractal	119
2026-06-17 17:40	lions	1
2026-06-17 17:40	nausner	1
2026-06-17 17:40	probier	2
2026-06-17 17:40	support	17
2026-06-17 17:40	wiki4d	50
2026-06-17 17:50	buecher	93
2026-06-17 17:50	culios	4
2026-06-17 17:50	dse	1798
2026-06-17 17:50	fractal	124
2026-06-17 17:50	lions	2
2026-06-17 17:50	nausner	5
2026-06-17 17:50	probier	3
2026-06-17 17:50	support	18
2026-06-17 17:50	wiki4d	36
2026-06-17 18:00	buecher	96
2026-06-17 18:00	culios	2
2026-06-17 18:00	dse	2124
2026-06-17 18:00	fractal	129
2026-06-17 18:00	nausner	3
2026-06-17 18:00	support	20
2026-06-17 18:00	wiki4d	30
2026-06-17 18:10	buecher	92
2026-06-17 18:10	culios	1
2026-06-17 18:10	dse	2699
2026-06-17 18:10	fractal	127
2026-06-17 18:10	lions	1
2026-06-17 18:10	nausner	3
2026-06-17 18:10	probier	2
2026-06-17 18:10	support	29
2026-06-17 18:10	wiki4d	23
2026-06-17 18:20	buecher	81
2026-06-17 18:20	culios	3
2026-06-17 18:20	dse	1539
2026-06-17 18:20	fractal	151
2026-06-17 18:20	nausner	2
2026-06-17 18:20	probier	1
2026-06-17 18:20	support	14
2026-06-17 18:20	wiki4d	27
2026-06-17 18:30	buecher	72
2026-06-17 18:30	culios	2
2026-06-17 18:30	dse	1753
2026-06-17 18:30	fractal	209
2026-06-17 18:30	nausner	4
2026-06-17 18:30	support	12
2026-06-17 18:30	wiki4d	20
2026-06-17 18:40	buecher	90
2026-06-17 18:40	culios	4
2026-06-17 18:40	dse	1761
2026-06-17 18:40	fractal	195
2026-06-17 18:40	probier	1
2026-06-17 18:40	support	24
2026-06-17 18:40	wiki4d	22
2026-06-17 18:50	buecher	89
2026-06-17 18:50	culios	2
2026-06-17 18:50	dse	1749
2026-06-17 18:50	fractal	150
2026-06-17 18:50	nausner	4
2026-06-17 18:50	support	22
2026-06-17 18:50	wiki4d	22
2026-06-17 19:00	buecher	78
2026-06-17 19:00	culios	2
2026-06-17 19:00	dse	1861
2026-06-17 19:00	fractal	155
2026-06-17 19:00	nausner	2
2026-06-17 19:00	probier	11
2026-06-17 19:00	support	15
2026-06-17 19:00	wiki4d	27
2026-06-17 19:10	buecher	93
2026-06-17 19:10	culios	2
2026-06-17 19:10	dse	1488
2026-06-17 19:10	fractal	154
2026-06-17 19:10	nausner	3
2026-06-17 19:10	probier	5
2026-06-17 19:10	support	15
2026-06-17 19:10	wiki4d	45
2026-06-17 19:20	buecher	72
2026-06-17 19:20	culios	3
2026-06-17 19:20	dse	1778
2026-06-17 19:20	fractal	193
2026-06-17 19:20	lions	1
2026-06-17 19:20	nausner	4
2026-06-17 19:20	probier	1
2026-06-17 19:20	support	17
2026-06-17 19:20	wiki4d	27
2026-06-17 19:30	buecher	66
2026-06-17 19:30	culios	2
2026-06-17 19:30	dse	3343
2026-06-17 19:30	fractal	342
2026-06-17 19:30	nausner	3
2026-06-17 19:30	support	15
2026-06-17 19:30	wiki4d	25
2026-06-17 19:40	buecher	65
2026-06-17 19:40	culios	3
2026-06-17 19:40	dse	2057
2026-06-17 19:40	fractal	139
2026-06-17 19:40	nausner	3
2026-06-17 19:40	probier	3
2026-06-17 19:40	support	15
2026-06-17 19:40	wiki4d	37
2026-06-17 19:50	buecher	57
2026-06-17 19:50	culios	4
2026-06-17 19:50	dse	1997
2026-06-17 19:50	fractal	150
2026-06-17 19:50	nausner	3
2026-06-17 19:50	support	33
2026-06-17 19:50	wiki4d	51
2026-06-17 20:00	buecher	78
2026-06-17 20:00	culios	5
2026-06-17 20:00	dse	454
2026-06-17 20:00	fractal	127
2026-06-17 20:00	nausner	5
2026-06-17 20:00	probier	1
2026-06-17 20:00	support	14
2026-06-17 20:00	wiki4d	645
2026-06-17 20:10	buecher	101
2026-06-17 20:10	culios	3
2026-06-17 20:10	dse	661
2026-06-17 20:10	fractal	185
2026-06-17 20:10	nausner	5
2026-06-17 20:10	probier	3
2026-06-17 20:10	support	25
2026-06-17 20:10	wiki4d	14
2026-06-17 20:20	buecher	116
2026-06-17 20:20	culios	1
2026-06-17 20:20	dse	2281
2026-06-17 20:20	fractal	140
2026-06-17 20:20	lions	1
2026-06-17 20:20	nausner	3
2026-06-17 20:20	support	14
2026-06-17 20:20	wiki4d	23
2026-06-17 20:30	buecher	115
2026-06-17 20:30	culios	2
2026-06-17 20:30	dse	2477
2026-06-17 20:30	fractal	162
2026-06-17 20:30	lions	1
2026-06-17 20:30	nausner	4
2026-06-17 20:30	probier	1
2026-06-17 20:30	support	31
2026-06-17 20:30	wiki4d	47
2026-06-17 20:40	buecher	75
2026-06-17 20:40	culios	4
2026-06-17 20:40	dse	1164
2026-06-17 20:40	fractal	195
2026-06-17 20:40	nausner	6
2026-06-17 20:40	probier	1
2026-06-17 20:40	support	16
2026-06-17 20:40	wiki4d	27
2026-06-17 20:50	buecher	60
2026-06-17 20:50	culios	2
2026-06-17 20:50	dse	1917
2026-06-17 20:50	fractal	272
2026-06-17 20:50	lions	2
2026-06-17 20:50	nausner	4
2026-06-17 20:50	probier	3
2026-06-17 20:50	support	12
2026-06-17 20:50	wiki4d	69
2026-06-17 21:00	buecher	81
2026-06-17 21:00	culios	2
2026-06-17 21:00	dse	1166
2026-06-17 21:00	fractal	153
2026-06-17 21:00	nausner	4
2026-06-17 21:00	support	13
2026-06-17 21:00	wiki4d	19
2026-06-17 21:10	buecher	78
2026-06-17 21:10	culios	2
2026-06-17 21:10	dse	1058
2026-06-17 21:10	fractal	135
2026-06-17 21:10	probier	2
2026-06-17 21:10	support	41
2026-06-17 21:10	wiki4d	32
2026-06-17 21:20	buecher	60
2026-06-17 21:20	culios	5
2026-06-17 21:20	dse	1040
2026-06-17 21:20	fractal	177
2026-06-17 21:20	lions	1
2026-06-17 21:20	nausner	2
2026-06-17 21:20	support	21
2026-06-17 21:20	wiki4d	35
2026-06-17 21:30	buecher	60
2026-06-17 21:30	culios	1
2026-06-17 21:30	dse	1120
2026-06-17 21:30	fractal	194
2026-06-17 21:30	nausner	3
2026-06-17 21:30	probier	2
2026-06-17 21:30	support	9
2026-06-17 21:30	wiki4d	21
2026-06-17 21:40	buecher	76
2026-06-17 21:40	culios	4
2026-06-17 21:40	dse	1705
2026-06-17 21:40	fractal	163
2026-06-17 21:40	nausner	3
2026-06-17 21:40	probier	15
2026-06-17 21:40	support	28
2026-06-17 21:40	wiki4d	25
2026-06-17 21:50	buecher	51
2026-06-17 21:50	culios	3
2026-06-17 21:50	dse	1590
2026-06-17 21:50	fractal	152
2026-06-17 21:50	nausner	3
2026-06-17 21:50	probier	20
2026-06-17 21:50	support	12
2026-06-17 21:50	wiki4d	58
2026-06-17 22:00	buecher	72
2026-06-17 22:00	culios	2
2026-06-17 22:00	dse	1148
2026-06-17 22:00	fractal	209
2026-06-17 22:00	lions	3
2026-06-17 22:00	nausner	2
2026-06-17 22:00	probier	1
2026-06-17 22:00	support	29
2026-06-17 22:00	wiki4d	54
2026-06-17 22:10	buecher	79
2026-06-17 22:10	culios	3
2026-06-17 22:10	dse	1271
2026-06-17 22:10	fractal	231
2026-06-17 22:10	lions	1
2026-06-17 22:10	nausner	5
2026-06-17 22:10	support	30
2026-06-17 22:10	wiki4d	26
2026-06-17 22:20	buecher	60
2026-06-17 22:20	culios	3
2026-06-17 22:20	dse	1049
2026-06-17 22:20	fractal	157
2026-06-17 22:20	lions	1
2026-06-17 22:20	nausner	5
2026-06-17 22:20	probier	1
2026-06-17 22:20	support	35
2026-06-17 22:20	wiki4d	31
2026-06-17 22:30	buecher	66
2026-06-17 22:30	culios	1
2026-06-17 22:30	dse	808
2026-06-17 22:30	fractal	277
2026-06-17 22:30	nausner	4
2026-06-17 22:30	probier	1
2026-06-17 22:30	support	30
2026-06-17 22:30	wiki4d	40
2026-06-17 22:40	buecher	56
2026-06-17 22:40	culios	3
2026-06-17 22:40	dse	902
2026-06-17 22:40	fractal	337
2026-06-17 22:40	nausner	6
2026-06-17 22:40	probier	2
2026-06-17 22:40	support	49
2026-06-17 22:40	wiki4d	28
2026-06-17 22:50	buecher	51
2026-06-17 22:50	dse	1377
2026-06-17 22:50	fractal	139
2026-06-17 22:50	lions	1
2026-06-17 22:50	nausner	5
2026-06-17 22:50	probier	1
2026-06-17 22:50	support	25
2026-06-17 22:50	wiki4d	54
2026-06-17 23:00	buecher	57
2026-06-17 23:00	culios	4
2026-06-17 23:00	dse	1217
2026-06-17 23:00	fractal	93
2026-06-17 23:00	nausner	1
2026-06-17 23:00	support	18
2026-06-17 23:00	wiki4d	52
2026-06-17 23:10	buecher	66
2026-06-17 23:10	culios	2
2026-06-17 23:10	dse	1116
2026-06-17 23:10	fractal	162
2026-06-17 23:10	nausner	4
2026-06-17 23:10	support	15
2026-06-17 23:10	wiki4d	60
2026-06-17 23:20	buecher	68
2026-06-17 23:20	culios	3
2026-06-17 23:20	dse	1025
2026-06-17 23:20	fractal	222
2026-06-17 23:20	nausner	2
2026-06-17 23:20	probier	2
2026-06-17 23:20	support	27
2026-06-17 23:20	wiki4d	51
2026-06-17 23:30	buecher	56
2026-06-17 23:30	culios	1
2026-06-17 23:30	dse	875
2026-06-17 23:30	fractal	129
2026-06-17 23:30	lions	1
2026-06-17 23:30	nausner	2
2026-06-17 23:30	support	15
2026-06-17 23:30	wiki4d	41
2026-06-17 23:40	buecher	81
2026-06-17 23:40	culios	2
2026-06-17 23:40	dse	958
2026-06-17 23:40	fractal	366
2026-06-17 23:40	nausner	1
2026-06-17 23:40	probier	2
2026-06-17 23:40	support	26
2026-06-17 23:40	wiki4d	39
2026-06-17 23:50	buecher	33
2026-06-17 23:50	culios	3
2026-06-17 23:50	dse	846
2026-06-17 23:50	fractal	308
2026-06-17 23:50	lions	1
2026-06-17 23:50	nausner	3
2026-06-17 23:50	probier	1
2026-06-17 23:50	support	41
2026-06-17 23:50	wiki4d	38
2026-06-18 00:00	buecher	70
2026-06-18 00:00	culios	5
2026-06-18 00:00	dse	906
2026-06-18 00:00	fractal	163
2026-06-18 00:00	nausner	6
2026-06-18 00:00	probier	3
2026-06-18 00:00	support	25
2026-06-18 00:00	wiki4d	29
2026-06-18 00:10	buecher	38
2026-06-18 00:10	culios	3
2026-06-18 00:10	dse	1214
2026-06-18 00:10	fractal	191
2026-06-18 00:10	lions	1
2026-06-18 00:10	nausner	3
2026-06-18 00:10	probier	1
2026-06-18 00:10	support	29
2026-06-18 00:10	wiki4d	36
2026-06-18 00:20	buecher	50
2026-06-18 00:20	culios	1
2026-06-18 00:20	dse	4015
2026-06-18 00:20	fractal	177
2026-06-18 00:20	nausner	7
2026-06-18 00:20	support	35
2026-06-18 00:20	wiki4d	60
2026-06-18 00:30	buecher	62
2026-06-18 00:30	culios	3
2026-06-18 00:30	dse	1436
2026-06-18 00:30	fractal	214
2026-06-18 00:30	lions	1
2026-06-18 00:30	nausner	2
2026-06-18 00:30	support	31
2026-06-18 00:30	wiki4d	34
2026-06-18 00:40	buecher	72
2026-06-18 00:40	culios	2
2026-06-18 00:40	dse	1091
2026-06-18 00:40	fractal	134
2026-06-18 00:40	nausner	3
2026-06-18 00:40	probier	2
2026-06-18 00:40	support	22
2026-06-18 00:40	wiki4d	24
2026-06-18 00:50	buecher	77
2026-06-18 00:50	culios	4
2026-06-18 00:50	dse	1229
2026-06-18 00:50	fractal	144
2026-06-18 00:50	nausner	1
2026-06-18 00:50	probier	1
2026-06-18 00:50	support	15
2026-06-18 00:50	wiki4d	50
2026-06-18 01:00	buecher	61
2026-06-18 01:00	culios	1
2026-06-18 01:00	dse	1056
2026-06-18 01:00	fractal	122
2026-06-18 01:00	nausner	4
2026-06-18 01:00	probier	1
2026-06-18 01:00	support	19
2026-06-18 01:00	wiki4d	38
2026-06-18 01:10	buecher	62
2026-06-18 01:10	culios	4
2026-06-18 01:10	dse	1026
2026-06-18 01:10	fractal	102
2026-06-18 01:10	nausner	2
2026-06-18 01:10	support	18
2026-06-18 01:10	wiki4d	50
2026-06-18 01:20	buecher	70
2026-06-18 01:20	culios	4
2026-06-18 01:20	dse	1255
2026-06-18 01:20	fractal	121
2026-06-18 01:20	lions	1
2026-06-18 01:20	nausner	2
2026-06-18 01:20	support	11
2026-06-18 01:20	wiki4d	59
2026-06-18 01:30	buecher	65
2026-06-18 01:30	culios	3
2026-06-18 01:30	dse	2088
2026-06-18 01:30	fractal	129
2026-06-18 01:30	nausner	2
2026-06-18 01:30	probier	3
2026-06-18 01:30	support	11
2026-06-18 01:30	wiki4d	31
2026-06-18 01:40	buecher	60
2026-06-18 01:40	culios	3
2026-06-18 01:40	dse	2002
2026-06-18 01:40	fractal	139
2026-06-18 01:40	lions	1
2026-06-18 01:40	nausner	7
2026-06-18 01:40	support	16
2026-06-18 01:40	wiki4d	43
2026-06-18 01:50	buecher	84
2026-06-18 01:50	culios	3
2026-06-18 01:50	dse	1029
2026-06-18 01:50	fractal	155
2026-06-18 01:50	nausner	4
2026-06-18 01:50	probier	1
2026-06-18 01:50	support	22
2026-06-18 01:50	wiki4d	25
2026-06-18 02:00	buecher	70
2026-06-18 02:00	culios	2
2026-06-18 02:00	dse	952
2026-06-18 02:00	fractal	160
2026-06-18 02:00	nausner	5
2026-06-18 02:00	support	23
2026-06-18 02:00	wiki4d	45
2026-06-18 02:10	buecher	71
2026-06-18 02:10	culios	3
2026-06-18 02:10	dse	1378
2026-06-18 02:10	fractal	211
2026-06-18 02:10	lions	2
2026-06-18 02:10	nausner	3
2026-06-18 02:10	probier	6
2026-06-18 02:10	support	16
2026-06-18 02:10	wiki4d	52
2026-06-18 02:20	buecher	83
2026-06-18 02:20	culios	3
2026-06-18 02:20	dse	1026
2026-06-18 02:20	fractal	154
2026-06-18 02:20	nausner	4
2026-06-18 02:20	probier	1
2026-06-18 02:20	support	23
2026-06-18 02:20	wiki4d	23
2026-06-18 02:30	buecher	55
2026-06-18 02:30	culios	1
2026-06-18 02:30	dse	1359
2026-06-18 02:30	fractal	163
2026-06-18 02:30	support	13
2026-06-18 02:30	wiki4d	40
2026-06-18 02:40	buecher	67
2026-06-18 02:40	dse	1371
2026-06-18 02:40	fractal	178
2026-06-18 02:40	nausner	1
2026-06-18 02:40	support	18
2026-06-18 02:40	wiki4d	52
2026-06-18 02:50	buecher	47
2026-06-18 02:50	dse	1076
2026-06-18 02:50	fractal	128
2026-06-18 02:50	nausner	6
2026-06-18 02:50	probier	4
2026-06-18 02:50	support	16
2026-06-18 02:50	wiki4d	25
2026-06-18 03:00	buecher	42
2026-06-18 03:00	culios	1
2026-06-18 03:00	dse	976
2026-06-18 03:00	fractal	151
2026-06-18 03:00	nausner	7
2026-06-18 03:00	probier	1
2026-06-18 03:00	support	26
2026-06-18 03:00	wiki4d	18
2026-06-18 03:10	buecher	37
2026-06-18 03:10	dse	2478
2026-06-18 03:10	fractal	137
2026-06-18 03:10	lions	1
2026-06-18 03:10	nausner	3
2026-06-18 03:10	support	21
2026-06-18 03:10	wiki4d	28
2026-06-18 03:20	buecher	44
2026-06-18 03:20	dse	920
2026-06-18 03:20	fractal	142
2026-06-18 03:20	nausner	2
2026-06-18 03:20	probier	2
2026-06-18 03:20	support	23
2026-06-18 03:20	wiki4d	42
2026-06-18 03:30	buecher	62
2026-06-18 03:30	culios	3
2026-06-18 03:30	dse	923
2026-06-18 03:30	fractal	188
2026-06-18 03:30	nausner	4
2026-06-18 03:30	probier	2
2026-06-18 03:30	support	15
2026-06-18 03:30	wiki4d	40
2026-06-18 03:40	buecher	58
2026-06-18 03:40	culios	3
2026-06-18 03:40	dse	1107
2026-06-18 03:40	fractal	143
2026-06-18 03:40	nausner	1
2026-06-18 03:40	probier	2
2026-06-18 03:40	support	23
2026-06-18 03:40	wiki4d	23
2026-06-18 03:50	buecher	57
2026-06-18 03:50	culios	2
2026-06-18 03:50	dse	1347
2026-06-18 03:50	fractal	218
2026-06-18 03:50	lions	1
2026-06-18 03:50	nausner	3
2026-06-18 03:50	probier	2
2026-06-18 03:50	support	25
2026-06-18 03:50	wiki4d	47
2026-06-18 04:00	buecher	57
2026-06-18 04:00	culios	2
2026-06-18 04:00	dse	1345
2026-06-18 04:00	fractal	156
2026-06-18 04:00	nausner	6
2026-06-18 04:00	probier	1
2026-06-18 04:00	support	30
2026-06-18 04:00	wiki4d	40
2026-06-18 04:10	buecher	58
2026-06-18 04:10	culios	4
2026-06-18 04:10	dse	863
2026-06-18 04:10	fractal	156
2026-06-18 04:10	lions	1
2026-06-18 04:10	nausner	5
2026-06-18 04:10	probier	1
2026-06-18 04:10	support	22
2026-06-18 04:10	wiki4d	29
2026-06-18 04:20	buecher	72
2026-06-18 04:20	culios	4
2026-06-18 04:20	dse	868
2026-06-18 04:20	fractal	149
2026-06-18 04:20	nausner	2
2026-06-18 04:20	probier	1
2026-06-18 04:20	support	27
2026-06-18 04:20	wiki4d	25
2026-06-18 04:30	buecher	69
2026-06-18 04:30	culios	6
2026-06-18 04:30	dse	926
2026-06-18 04:30	fractal	217
2026-06-18 04:30	nausner	3
2026-06-18 04:30	probier	1
2026-06-18 04:30	support	14
2026-06-18 04:30	wiki4d	44
2026-06-18 04:40	buecher	55
2026-06-18 04:40	culios	7
2026-06-18 04:40	dse	980
2026-06-18 04:40	fractal	247
2026-06-18 04:40	nausner	6
2026-06-18 04:40	probier	2
2026-06-18 04:40	support	15
2026-06-18 04:40	wiki4d	43
2026-06-18 04:50	buecher	51
2026-06-18 04:50	culios	1
2026-06-18 04:50	dse	831
2026-06-18 04:50	fractal	144
2026-06-18 04:50	lions	2
2026-06-18 04:50	nausner	2
2026-06-18 04:50	probier	2
2026-06-18 04:50	support	22
2026-06-18 04:50	wiki4d	29
2026-06-18 05:00	buecher	69
2026-06-18 05:00	culios	2
2026-06-18 05:00	dse	395
2026-06-18 05:00	fractal	200
2026-06-18 05:00	nausner	1
2026-06-18 05:00	probier	1
2026-06-18 05:00	support	22
2026-06-18 05:00	wiki4d	34
2026-06-18 05:10	buecher	74
2026-06-18 05:10	culios	2
2026-06-18 05:10	dse	713
2026-06-18 05:10	fractal	161
2026-06-18 05:10	nausner	3
2026-06-18 05:10	probier	2
2026-06-18 05:10	support	31
2026-06-18 05:10	wiki4d	24
2026-06-18 05:20	buecher	66
2026-06-18 05:20	culios	2
2026-06-18 05:20	dse	466
2026-06-18 05:20	fractal	190
2026-06-18 05:20	nausner	3
2026-06-18 05:20	probier	1
2026-06-18 05:20	support	20
2026-06-18 05:20	wiki4d	27
2026-06-18 05:30	buecher	79
2026-06-18 05:30	culios	3
2026-06-18 05:30	dse	475
2026-06-18 05:30	fractal	178
2026-06-18 05:30	lions	1
2026-06-18 05:30	nausner	5
2026-06-18 05:30	probier	5
2026-06-18 05:30	support	18
2026-06-18 05:30	wiki4d	34
2026-06-18 05:40	buecher	54
2026-06-18 05:40	culios	1
2026-06-18 05:40	dse	509
2026-06-18 05:40	fractal	172
2026-06-18 05:40	nausner	4
2026-06-18 05:40	probier	6
2026-06-18 05:40	support	33
2026-06-18 05:40	wiki4d	28
2026-06-18 05:50	buecher	56
2026-06-18 05:50	culios	4
2026-06-18 05:50	dse	1026
2026-06-18 05:50	fractal	173
2026-06-18 05:50	nausner	2
2026-06-18 05:50	probier	31
2026-06-18 05:50	support	17
2026-06-18 05:50	wiki4d	27
2026-06-18 06:00	buecher	77
2026-06-18 06:00	culios	2
2026-06-18 06:00	dse	679
2026-06-18 06:00	fractal	187
2026-06-18 06:00	lions	1
2026-06-18 06:00	nausner	5
2026-06-18 06:00	probier	10
2026-06-18 06:00	support	21
2026-06-18 06:00	wiki4d	38
2026-06-18 06:10	buecher	54
2026-06-18 06:10	culios	3
2026-06-18 06:10	dse	736
2026-06-18 06:10	fractal	208
2026-06-18 06:10	nausner	4
2026-06-18 06:10	support	27
2026-06-18 06:10	wiki4d	44
2026-06-18 06:20	buecher	46
2026-06-18 06:20	culios	6
2026-06-18 06:20	dse	937
2026-06-18 06:20	fractal	154
2026-06-18 06:20	lions	3
2026-06-18 06:20	nausner	3
2026-06-18 06:20	probier	2
2026-06-18 06:20	support	17
2026-06-18 06:20	wiki4d	43
2026-06-18 06:30	buecher	49
2026-06-18 06:30	culios	2
2026-06-18 06:30	dse	880
2026-06-18 06:30	fractal	207
2026-06-18 06:30	lions	1
2026-06-18 06:30	nausner	1
2026-06-18 06:30	support	15
2026-06-18 06:30	wiki4d	20
2026-06-18 06:40	buecher	73
2026-06-18 06:40	culios	2
2026-06-18 06:40	dse	1329
2026-06-18 06:40	fractal	188
2026-06-18 06:40	nausner	4
2026-06-18 06:40	probier	1
2026-06-18 06:40	support	27
2026-06-18 06:40	wiki4d	31
2026-06-18 06:50	buecher	48
2026-06-18 06:50	culios	4
2026-06-18 06:50	dse	1196
2026-06-18 06:50	fractal	190
2026-06-18 06:50	nausner	6
2026-06-18 06:50	probier	1
2026-06-18 06:50	support	35
2026-06-18 06:50	wiki4d	24
2026-06-18 07:00	buecher	63
2026-06-18 07:00	culios	4
2026-06-18 07:00	dse	864
2026-06-18 07:00	fractal	145
2026-06-18 07:00	nausner	2
2026-06-18 07:00	probier	2
2026-06-18 07:00	support	27
2026-06-18 07:00	wiki4d	43
2026-06-18 07:10	buecher	700
2026-06-18 07:10	culios	10
2026-06-18 07:10	dse	861
2026-06-18 07:10	fractal	131
2026-06-18 07:10	lions	2
2026-06-18 07:10	nausner	2
2026-06-18 07:10	probier	2
2026-06-18 07:10	support	23
2026-06-18 07:10	wiki4d	26
2026-06-18 07:20	buecher	61
2026-06-18 07:20	culios	3
2026-06-18 07:20	dse	1088
2026-06-18 07:20	fractal	145
2026-06-18 07:20	lions	1
2026-06-18 07:20	nausner	9
2026-06-18 07:20	probier	1
2026-06-18 07:20	support	24
2026-06-18 07:20	wiki4d	27
2026-06-18 07:30	buecher	77
2026-06-18 07:30	culios	4
2026-06-18 07:30	dse	879
2026-06-18 07:30	fractal	175
2026-06-18 07:30	lions	2
2026-06-18 07:30	nausner	4
2026-06-18 07:30	probier	4
2026-06-18 07:30	support	18
2026-06-18 07:30	wiki4d	28
2026-06-18 07:40	buecher	97
2026-06-18 07:40	culios	3
2026-06-18 07:40	dse	693
2026-06-18 07:40	fractal	150
2026-06-18 07:40	nausner	4
2026-06-18 07:40	probier	1
2026-06-18 07:40	support	24
2026-06-18 07:40	wiki4d	40
2026-06-18 07:50	buecher	95
2026-06-18 07:50	dse	846
2026-06-18 07:50	fractal	151
2026-06-18 07:50	nausner	5
2026-06-18 07:50	support	14
2026-06-18 07:50	wiki4d	19
2026-06-18 08:00	buecher	109
2026-06-18 08:00	culios	1
2026-06-18 08:00	dse	808
2026-06-18 08:00	fractal	155
2026-06-18 08:00	lions	2
2026-06-18 08:00	nausner	5
2026-06-18 08:00	support	12
2026-06-18 08:00	wiki4d	28
2026-06-18 08:10	buecher	113
2026-06-18 08:10	culios	3
2026-06-18 08:10	dse	670
2026-06-18 08:10	fractal	196
2026-06-18 08:10	nausner	2
2026-06-18 08:10	support	24
2026-06-18 08:10	wiki4d	42
2026-06-18 08:20	buecher	99
2026-06-18 08:20	culios	3
2026-06-18 08:20	dse	861
2026-06-18 08:20	fractal	150
2026-06-18 08:20	lions	1
2026-06-18 08:20	nausner	2
2026-06-18 08:20	support	29
2026-06-18 08:20	wiki4d	28
2026-06-18 08:30	buecher	73
2026-06-18 08:30	dse	716
2026-06-18 08:30	fractal	160
2026-06-18 08:30	lions	1
2026-06-18 08:30	nausner	1
2026-06-18 08:30	probier	1
2026-06-18 08:30	support	18
2026-06-18 08:30	wiki4d	22
2026-06-18 08:40	buecher	57
2026-06-18 08:40	culios	1
2026-06-18 08:40	dse	727
2026-06-18 08:40	fractal	150
2026-06-18 08:40	nausner	6
2026-06-18 08:40	probier	1
2026-06-18 08:40	support	18
2026-06-18 08:40	wiki4d	52
2026-06-18 08:50	buecher	40
2026-06-18 08:50	culios	3
2026-06-18 08:50	dse	854
2026-06-18 08:50	fractal	190
2026-06-18 08:50	nausner	4
2026-06-18 08:50	probier	2
2026-06-18 08:50	support	15
2026-06-18 08:50	wiki4d	44
2026-06-18 09:00	buecher	38
2026-06-18 09:00	dse	847
2026-06-18 09:00	fractal	163
2026-06-18 09:00	lions	2
2026-06-18 09:00	nausner	4
2026-06-18 09:00	support	21
2026-06-18 09:00	wiki4d	49
2026-06-18 09:10	buecher	34
2026-06-18 09:10	culios	2
2026-06-18 09:10	dse	846
2026-06-18 09:10	fractal	243
2026-06-18 09:10	nausner	10
2026-06-18 09:10	probier	3
2026-06-18 09:10	support	33
2026-06-18 09:10	wiki4d	23
2026-06-18 09:20	buecher	181
2026-06-18 09:20	culios	1
2026-06-18 09:20	dse	837
2026-06-18 09:20	fractal	222
2026-06-18 09:20	lions	3
2026-06-18 09:20	nausner	1
2026-06-18 09:20	probier	2
2026-06-18 09:20	support	28
2026-06-18 09:20	wiki4d	71
2026-06-18 09:30	buecher	63
2026-06-18 09:30	culios	1
2026-06-18 09:30	dse	959
2026-06-18 09:30	fractal	278
2026-06-18 09:30	nausner	2
2026-06-18 09:30	probier	1
2026-06-18 09:30	support	27
2026-06-18 09:30	wiki4d	23
2026-06-18 09:40	buecher	74
2026-06-18 09:40	culios	5
2026-06-18 09:40	dse	2777
2026-06-18 09:40	fractal	249
2026-06-18 09:40	nausner	9
2026-06-18 09:40	support	17
2026-06-18 09:40	wiki4d	31
2026-06-18 09:50	buecher	92
2026-06-18 09:50	culios	1
2026-06-18 09:50	dse	2985
2026-06-18 09:50	fractal	361
2026-06-18 09:50	probier	245
2026-06-18 09:50	support	15
2026-06-18 09:50	wiki4d	63
2026-06-18 10:00	buecher	22
2026-06-18 10:00	dse	2248
2026-06-18 10:00	fractal	317
2026-06-18 10:00	nausner	3
2026-06-18 10:00	support	29
2026-06-18 10:00	wiki4d	43
2026-06-18 10:10	buecher	54
2026-06-18 10:10	dse	1337
2026-06-18 10:10	fractal	297
2026-06-18 10:10	lions	1
2026-06-18 10:10	nausner	7
2026-06-18 10:10	support	21
2026-06-18 10:10	wiki4d	22
2026-06-18 10:20	buecher	46
2026-06-18 10:20	dse	1247
2026-06-18 10:20	fractal	302
2026-06-18 10:20	nausner	5
2026-06-18 10:20	support	19
2026-06-18 10:20	wiki4d	39
2026-06-18 10:30	buecher	41
2026-06-18 10:30	culios	1
2026-06-18 10:30	dse	2649
2026-06-18 10:30	fractal	285
2026-06-18 10:30	nausner	4
2026-06-18 10:30	probier	1
2026-06-18 10:30	support	19
2026-06-18 10:30	wiki4d	42
2026-06-18 10:40	buecher	85
2026-06-18 10:40	culios	2
2026-06-18 10:40	dse	2290
2026-06-18 10:40	fractal	170
2026-06-18 10:40	nausner	5
2026-06-18 10:40	support	26
2026-06-18 10:40	wiki4d	31
2026-06-18 10:50	buecher	37
2026-06-18 10:50	culios	3
2026-06-18 10:50	dse	2166
2026-06-18 10:50	fractal	307
2026-06-18 10:50	nausner	1
2026-06-18 10:50	probier	1
2026-06-18 10:50	support	23
2026-06-18 10:50	wiki4d	37
2026-06-18 11:00	buecher	49
2026-06-18 11:00	culios	3
2026-06-18 11:00	dse	1933
2026-06-18 11:00	fractal	408
2026-06-18 11:00	nausner	3
2026-06-18 11:00	support	18
2026-06-18 11:00	wiki4d	32
2026-06-18 11:10	buecher	41
2026-06-18 11:10	culios	3
2026-06-18 11:10	dse	1975
2026-06-18 11:10	fractal	358
2026-06-18 11:10	nausner	1
2026-06-18 11:10	probier	1
2026-06-18 11:10	support	20
2026-06-18 11:10	wiki4d	23
2026-06-18 11:20	buecher	83
2026-06-18 11:20	culios	5
2026-06-18 11:20	dse	1745
2026-06-18 11:20	fractal	250
2026-06-18 11:20	lions	1
2026-06-18 11:20	nausner	3
2026-06-18 11:20	probier	1
2026-06-18 11:20	support	21
2026-06-18 11:20	wiki4d	36
2026-06-18 11:30	buecher	78
2026-06-18 11:30	culios	2
2026-06-18 11:30	dse	1162
2026-06-18 11:30	fractal	116
2026-06-18 11:30	nausner	3
2026-06-18 11:30	support	22
2026-06-18 11:30	wiki4d	54
2026-06-18 11:40	buecher	82
2026-06-18 11:40	culios	3
2026-06-18 11:40	dse	1052
2026-06-18 11:40	fractal	170
2026-06-18 11:40	nausner	7
2026-06-18 11:40	probier	2
2026-06-18 11:40	support	13
2026-06-18 11:40	wiki4d	68
2026-06-18 11:50	buecher	93
2026-06-18 11:50	culios	2
2026-06-18 11:50	dse	949
2026-06-18 11:50	fractal	208
2026-06-18 11:50	nausner	5
2026-06-18 11:50	support	24
2026-06-18 11:50	wiki4d	45
2026-06-18 12:00	buecher	90
2026-06-18 12:00	dse	1426
2026-06-18 12:00	fractal	277
2026-06-18 12:00	lions	3
2026-06-18 12:00	nausner	1
2026-06-18 12:00	support	17
2026-06-18 12:00	wiki4d	35
2026-06-18 12:10	buecher	107
2026-06-18 12:10	culios	4
2026-06-18 12:10	dse	941
2026-06-18 12:10	fractal	261
2026-06-18 12:10	nausner	2
2026-06-18 12:10	probier	1
2026-06-18 12:10	support	23
2026-06-18 12:10	wiki4d	48
2026-06-18 12:20	buecher	87
2026-06-18 12:20	culios	3
2026-06-18 12:20	dse	1075
2026-06-18 12:20	fractal	224
2026-06-18 12:20	nausner	4
2026-06-18 12:20	probier	1
2026-06-18 12:20	support	19
2026-06-18 12:20	wiki4d	68
2026-06-18 12:30	buecher	70
2026-06-18 12:30	culios	4
2026-06-18 12:30	dse	897
2026-06-18 12:30	fractal	242
2026-06-18 12:30	lions	1
2026-06-18 12:30	nausner	4
2026-06-18 12:30	support	22
2026-06-18 12:30	wiki4d	34
2026-06-18 12:40	buecher	97
2026-06-18 12:40	culios	1
2026-06-18 12:40	dse	871
2026-06-18 12:40	fractal	269
2026-06-18 12:40	nausner	3
2026-06-18 12:40	probier	1
2026-06-18 12:40	support	17
2026-06-18 12:40	wiki4d	24
2026-06-18 12:50	buecher	156
2026-06-18 12:50	culios	2
2026-06-18 12:50	dse	1066
2026-06-18 12:50	fractal	266
2026-06-18 12:50	lions	1
2026-06-18 12:50	nausner	4
2026-06-18 12:50	probier	1
2026-06-18 12:50	support	17
2026-06-18 12:50	wiki4d	25
2026-06-18 13:00	buecher	100
2026-06-18 13:00	culios	6
2026-06-18 13:00	dse	1147
2026-06-18 13:00	fractal	332
2026-06-18 13:00	nausner	5
2026-06-18 13:00	probier	1
2026-06-18 13:00	support	27
2026-06-18 13:00	wiki4d	70
2026-06-18 13:10	buecher	89
2026-06-18 13:10	culios	1
2026-06-18 13:10	dse	1018
2026-06-18 13:10	fractal	182
2026-06-18 13:10	nausner	9
2026-06-18 13:10	probier	1
2026-06-18 13:10	support	22
2026-06-18 13:10	wiki4d	45
2026-06-18 13:20	buecher	112
2026-06-18 13:20	dse	1008
2026-06-18 13:20	fractal	208
2026-06-18 13:20	nausner	5
2026-06-18 13:20	probier	1
2026-06-18 13:20	support	20
2026-06-18 13:20	wiki4d	33
2026-06-18 13:30	buecher	96
2026-06-18 13:30	culios	4
2026-06-18 13:30	dse	1417
2026-06-18 13:30	fractal	252
2026-06-18 13:30	nausner	5
2026-06-18 13:30	probier	1
2026-06-18 13:30	support	28
2026-06-18 13:30	wiki4d	41
2026-06-18 13:40	buecher	90
2026-06-18 13:40	culios	4
2026-06-18 13:40	dse	1364
2026-06-18 13:40	fractal	257
2026-06-18 13:40	nausner	8
2026-06-18 13:40	probier	4
2026-06-18 13:40	support	20
2026-06-18 13:40	wiki4d	89
2026-06-18 13:50	buecher	117
2026-06-18 13:50	culios	4
2026-06-18 13:50	dse	916
2026-06-18 13:50	fractal	223
2026-06-18 13:50	nausner	3
2026-06-18 13:50	probier	4
2026-06-18 13:50	support	30
2026-06-18 13:50	wiki4d	65
2026-06-18 14:00	buecher	99
2026-06-18 14:00	culios	3
2026-06-18 14:00	dse	903
2026-06-18 14:00	fractal	153
2026-06-18 14:00	nausner	2
2026-06-18 14:00	probier	43
2026-06-18 14:00	support	21
2026-06-18 14:00	wiki4d	49
2026-06-18 14:10	buecher	55
2026-06-18 14:10	culios	2
2026-06-18 14:10	dse	935
2026-06-18 14:10	fractal	220
2026-06-18 14:10	lions	2
2026-06-18 14:10	nausner	5
2026-06-18 14:10	probier	23
2026-06-18 14:10	support	27
2026-06-18 14:10	wiki4d	78
2026-06-18 14:20	buecher	83
2026-06-18 14:20	culios	3
2026-06-18 14:20	dse	1118
2026-06-18 14:20	fractal	227
2026-06-18 14:20	lions	2
2026-06-18 14:20	nausner	4
2026-06-18 14:20	probier	20
2026-06-18 14:20	support	18
2026-06-18 14:20	wiki4d	31
2026-06-18 14:30	buecher	44
2026-06-18 14:30	culios	1
2026-06-18 14:30	dse	1145
2026-06-18 14:30	fractal	304
2026-06-18 14:30	lions	1
2026-06-18 14:30	nausner	4
2026-06-18 14:30	probier	26
2026-06-18 14:30	support	14
2026-06-18 14:30	wiki4d	41
2026-06-18 14:40	buecher	49
2026-06-18 14:40	culios	3
2026-06-18 14:40	dse	967
2026-06-18 14:40	fractal	248
2026-06-18 14:40	nausner	2
2026-06-18 14:40	probier	27
2026-06-18 14:40	support	34
2026-06-18 14:40	wiki4d	32
2026-06-18 14:50	buecher	30
2026-06-18 14:50	culios	4
2026-06-18 14:50	dse	1418
2026-06-18 14:50	fractal	222
2026-06-18 14:50	lions	1
2026-06-18 14:50	nausner	6
2026-06-18 14:50	probier	46
2026-06-18 14:50	support	36
2026-06-18 14:50	wiki4d	36
2026-06-18 15:00	buecher	41
2026-06-18 15:00	dse	2232
2026-06-18 15:00	fractal	311
2026-06-18 15:00	lions	1
2026-06-18 15:00	nausner	3
2026-06-18 15:00	probier	96
2026-06-18 15:00	support	22
2026-06-18 15:00	wiki4d	42
2026-06-18 15:10	buecher	48
2026-06-18 15:10	culios	6
2026-06-18 15:10	dse	3200
2026-06-18 15:10	fractal	274
2026-06-18 15:10	lions	2
2026-06-18 15:10	nausner	5
2026-06-18 15:10	probier	103
2026-06-18 15:10	support	26
2026-06-18 15:10	wiki4d	25
2026-06-18 15:20	buecher	48
2026-06-18 15:20	culios	1
2026-06-18 15:20	dse	2231
2026-06-18 15:20	fractal	341
2026-06-18 15:20	nausner	3
2026-06-18 15:20	probier	268
2026-06-18 15:20	support	27
2026-06-18 15:20	wiki4d	78
2026-06-18 15:30	buecher	47
2026-06-18 15:30	culios	4
2026-06-18 15:30	dse	1757
2026-06-18 15:30	fractal	244
2026-06-18 15:30	nausner	5
2026-06-18 15:30	probier	93
2026-06-18 15:30	support	24
2026-06-18 15:30	wiki4d	24
2026-06-18 15:40	buecher	39
2026-06-18 15:40	dse	2211
2026-06-18 15:40	fractal	255
2026-06-18 15:40	lions	1
2026-06-18 15:40	nausner	3
2026-06-18 15:40	probier	126
2026-06-18 15:40	support	30
2026-06-18 15:40	wiki4d	47
2026-06-18 15:50	buecher	74
2026-06-18 15:50	culios	4
2026-06-18 15:50	dse	1164
2026-06-18 15:50	fractal	205
2026-06-18 15:50	nausner	8
2026-06-18 15:50	probier	98
2026-06-18 15:50	support	23
2026-06-18 15:50	wiki4d	89
2026-06-18 16:00	buecher	76
2026-06-18 16:00	dse	1258
2026-06-18 16:00	fractal	390
2026-06-18 16:00	nausner	6
2026-06-18 16:00	probier	57
2026-06-18 16:00	support	30
2026-06-18 16:00	wiki4d	45
2026-06-18 16:10	buecher	93
2026-06-18 16:10	culios	4
2026-06-18 16:10	dse	1016
2026-06-18 16:10	fractal	307
2026-06-18 16:10	lions	1
2026-06-18 16:10	nausner	4
2026-06-18 16:10	probier	148
2026-06-18 16:10	support	25
2026-06-18 16:10	wiki4d	74
2026-06-18 16:20	buecher	88
2026-06-18 16:20	culios	2
2026-06-18 16:20	dse	1006
2026-06-18 16:20	fractal	250
2026-06-18 16:20	lions	2
2026-06-18 16:20	nausner	6
2026-06-18 16:20	probier	153
2026-06-18 16:20	support	41
2026-06-18 16:20	wiki4d	60
2026-06-18 16:30	buecher	99
2026-06-18 16:30	culios	4
2026-06-18 16:30	dse	1388
2026-06-18 16:30	fractal	264
2026-06-18 16:30	nausner	6
2026-06-18 16:30	probier	49
2026-06-18 16:30	support	21
2026-06-18 16:30	wiki4d	67
2026-06-18 16:40	buecher	69
2026-06-18 16:40	culios	1
2026-06-18 16:40	dse	1815
2026-06-18 16:40	fractal	304
2026-06-18 16:40	nausner	5
2026-06-18 16:40	probier	140
2026-06-18 16:40	support	22
2026-06-18 16:40	wiki4d	24
2026-06-18 16:50	buecher	74
2026-06-18 16:50	culios	2
2026-06-18 16:50	dse	2315
2026-06-18 16:50	fractal	229
2026-06-18 16:50	nausner	4
2026-06-18 16:50	probier	150
2026-06-18 16:50	support	18
2026-06-18 16:50	wiki4d	35
2026-06-18 17:00	buecher	76
2026-06-18 17:00	culios	3
2026-06-18 17:00	dse	3148
2026-06-18 17:00	fractal	206
2026-06-18 17:00	lions	1
2026-06-18 17:00	nausner	2
2026-06-18 17:00	probier	134
2026-06-18 17:00	support	34
2026-06-18 17:00	wiki4d	53
2026-06-18 17:10	buecher	90
2026-06-18 17:10	culios	1
2026-06-18 17:10	dse	3247
2026-06-18 17:10	fractal	168
2026-06-18 17:10	lions	1
2026-06-18 17:10	nausner	1
2026-06-18 17:10	probier	106
2026-06-18 17:10	support	13
2026-06-18 17:10	wiki4d	51
2026-06-18 17:20	buecher	96
2026-06-18 17:20	culios	3
2026-06-18 17:20	dse	3084
2026-06-18 17:20	fractal	253
2026-06-18 17:20	lions	2
2026-06-18 17:20	nausner	6
2026-06-18 17:20	probier	189
2026-06-18 17:20	support	22
2026-06-18 17:20	wiki4d	86
2026-06-18 17:30	buecher	141
2026-06-18 17:30	culios	18
2026-06-18 17:30	dse	3153
2026-06-18 17:30	fractal	243
2026-06-18 17:30	nausner	1
2026-06-18 17:30	probier	226
2026-06-18 17:30	support	31
2026-06-18 17:30	wiki4d	64
2026-06-18 17:40	buecher	114
2026-06-18 17:40	culios	3
2026-06-18 17:40	dse	2180
2026-06-18 17:40	fractal	220
2026-06-18 17:40	nausner	6
2026-06-18 17:40	probier	138
2026-06-18 17:40	support	22
2026-06-18 17:40	wiki4d	43
2026-06-18 17:50	buecher	118
2026-06-18 17:50	culios	3
2026-06-18 17:50	dse	3064
2026-06-18 17:50	fractal	168
2026-06-18 17:50	nausner	7
2026-06-18 17:50	probier	188
2026-06-18 17:50	support	50
2026-06-18 17:50	wiki4d	45
2026-06-18 18:00	buecher	88
2026-06-18 18:00	culios	8
2026-06-18 18:00	dse	3623
2026-06-18 18:00	fractal	245
2026-06-18 18:00	nausner	3
2026-06-18 18:00	probier	320
2026-06-18 18:00	support	52
2026-06-18 18:00	wiki4d	94
2026-06-18 18:10	buecher	81
2026-06-18 18:10	culios	2
2026-06-18 18:10	dse	4558
2026-06-18 18:10	fractal	326
2026-06-18 18:10	nausner	3
2026-06-18 18:10	probier	293
2026-06-18 18:10	support	44
2026-06-18 18:10	wiki4d	85
2026-06-18 18:20	buecher	96
2026-06-18 18:20	culios	2
2026-06-18 18:20	dse	5030
2026-06-18 18:20	fractal	223
2026-06-18 18:20	nausner	1
2026-06-18 18:20	probier	321
2026-06-18 18:20	support	37
2026-06-18 18:20	wiki4d	72
2026-06-18 18:30	buecher	82
2026-06-18 18:30	culios	3
2026-06-18 18:30	dse	6501
2026-06-18 18:30	fractal	212
2026-06-18 18:30	lions	1
2026-06-18 18:30	nausner	10
2026-06-18 18:30	probier	388
2026-06-18 18:30	support	22
2026-06-18 18:30	wiki4d	53
2026-06-18 18:40	buecher	97
2026-06-18 18:40	culios	3
2026-06-18 18:40	dse	10158
2026-06-18 18:40	fractal	249
2026-06-18 18:40	lions	1
2026-06-18 18:40	nausner	1
2026-06-18 18:40	probier	423
2026-06-18 18:40	support	23
2026-06-18 18:40	wiki4d	52
2026-06-18 18:50	buecher	102
2026-06-18 18:50	dse	7974
2026-06-18 18:50	fractal	249
2026-06-18 18:50	nausner	5
2026-06-18 18:50	probier	448
2026-06-18 18:50	support	28
2026-06-18 18:50	wiki4d	109
2026-06-18 19:00	buecher	101
2026-06-18 19:00	culios	4
2026-06-18 19:00	dse	5295
2026-06-18 19:00	fractal	199
2026-06-18 19:00	nausner	1
2026-06-18 19:00	probier	597
2026-06-18 19:00	support	40
2026-06-18 19:00	wiki4d	52
2026-06-18 19:10	buecher	118
2026-06-18 19:10	culios	2
2026-06-18 19:10	dse	7899
2026-06-18 19:10	fractal	196
2026-06-18 19:10	lions	3
2026-06-18 19:10	nausner	12
2026-06-18 19:10	probier	359
2026-06-18 19:10	support	25
2026-06-18 19:10	wiki4d	31
2026-06-18 19:20	buecher	122
2026-06-18 19:20	culios	2
2026-06-18 19:20	dse	4444
2026-06-18 19:20	fractal	209
2026-06-18 19:20	lions	1
2026-06-18 19:20	nausner	9
2026-06-18 19:20	probier	312
2026-06-18 19:20	support	27
2026-06-18 19:20	wiki4d	95
2026-06-18 19:30	buecher	103
2026-06-18 19:30	culios	1
2026-06-18 19:30	dse	4926
2026-06-18 19:30	fractal	152
2026-06-18 19:30	nausner	6
2026-06-18 19:30	probier	325
2026-06-18 19:30	support	19
2026-06-18 19:30	wiki4d	68
2026-06-18 19:40	buecher	62
2026-06-18 19:40	culios	8
2026-06-18 19:40	dse	4770
2026-06-18 19:40	fractal	152
2026-06-18 19:40	lions	3
2026-06-18 19:40	probier	294
2026-06-18 19:40	support	37
2026-06-18 19:40	wiki4d	100
2026-06-18 19:50	buecher	79
2026-06-18 19:50	culios	3
2026-06-18 19:50	dse	5219
2026-06-18 19:50	fractal	171
2026-06-18 19:50	nausner	6
2026-06-18 19:50	probier	259
2026-06-18 19:50	support	19
2026-06-18 19:50	wiki4d	33
2026-06-18 20:00	buecher	87
2026-06-18 20:00	culios	2
2026-06-18 20:00	dse	6248
2026-06-18 20:00	fractal	255
2026-06-18 20:00	nausner	1
2026-06-18 20:00	probier	444
2026-06-18 20:00	support	40
2026-06-18 20:00	wiki4d	65
2026-06-18 20:10	buecher	58
2026-06-18 20:10	culios	1
2026-06-18 20:10	dse	7955
2026-06-18 20:10	fractal	140
2026-06-18 20:10	lions	2
2026-06-18 20:10	nausner	5
2026-06-18 20:10	probier	185
2026-06-18 20:10	support	16
2026-06-18 20:10	wiki4d	42
2026-06-18 20:20	buecher	78
2026-06-18 20:20	culios	4
2026-06-18 20:20	dse	4547
2026-06-18 20:20	fractal	190
2026-06-18 20:20	nausner	6
2026-06-18 20:20	probier	864
2026-06-18 20:20	support	33
2026-06-18 20:20	wiki4d	40
2026-06-18 20:30	buecher	73
2026-06-18 20:30	culios	5
2026-06-18 20:30	dse	4739
2026-06-18 20:30	fractal	178
2026-06-18 20:30	lions	1
2026-06-18 20:30	nausner	7
2026-06-18 20:30	probier	312
2026-06-18 20:30	support	19
2026-06-18 20:30	wiki4d	72
2026-06-18 20:40	buecher	52
2026-06-18 20:40	culios	3
2026-06-18 20:40	dse	6399
2026-06-18 20:40	fractal	250
2026-06-18 20:40	lions	1
2026-06-18 20:40	nausner	2
2026-06-18 20:40	probier	345
2026-06-18 20:40	support	20
2026-06-18 20:40	wiki4d	119
2026-06-18 20:50	buecher	80
2026-06-18 20:50	culios	6
2026-06-18 20:50	dse	6624
2026-06-18 20:50	fractal	230
2026-06-18 20:50	nausner	3
2026-06-18 20:50	probier	250
2026-06-18 20:50	support	21
2026-06-18 20:50	wiki4d	55
2026-06-18 21:00	buecher	76
2026-06-18 21:00	dse	5537
2026-06-18 21:00	fractal	289
2026-06-18 21:00	nausner	3
2026-06-18 21:00	probier	279
2026-06-18 21:00	support	26
2026-06-18 21:00	wiki4d	60
2026-06-18 21:10	buecher	74
2026-06-18 21:10	culios	3
2026-06-18 21:10	dse	5882
2026-06-18 21:10	fractal	234
2026-06-18 21:10	lions	1
2026-06-18 21:10	nausner	4
2026-06-18 21:10	probier	148
2026-06-18 21:10	support	34
2026-06-18 21:10	wiki4d	43
2026-06-18 21:20	buecher	94
2026-06-18 21:20	dse	2915
2026-06-18 21:20	fractal	126
2026-06-18 21:20	lions	2
2026-06-18 21:20	nausner	7
2026-06-18 21:20	support	34
2026-06-18 21:20	wiki4d	38
2026-06-18 21:30	buecher	51
2026-06-18 21:30	culios	2
2026-06-18 21:30	dse	280
2026-06-18 21:30	fractal	147
2026-06-18 21:30	lions	2
2026-06-18 21:30	nausner	4
2026-06-18 21:30	probier	1
2026-06-18 21:30	support	21
2026-06-18 21:30	wiki4d	29
2026-06-18 21:40	buecher	38
2026-06-18 21:40	culios	5
2026-06-18 21:40	dse	527
2026-06-18 21:40	fractal	134
2026-06-18 21:40	lions	1
2026-06-18 21:40	nausner	4
2026-06-18 21:40	probier	1
2026-06-18 21:40	support	43
2026-06-18 21:40	wiki4d	29
2026-06-18 21:50	buecher	38
2026-06-18 21:50	culios	2
2026-06-18 21:50	dse	493
2026-06-18 21:50	fractal	133
2026-06-18 21:50	lions	1
2026-06-18 21:50	nausner	6
2026-06-18 21:50	probier	1
2026-06-18 21:50	support	22
2026-06-18 21:50	wiki4d	26
2026-06-18 22:00	buecher	53
2026-06-18 22:00	culios	7
2026-06-18 22:00	dse	424
2026-06-18 22:00	fractal	134
2026-06-18 22:00	nausner	4
2026-06-18 22:00	probier	10
2026-06-18 22:00	support	15
2026-06-18 22:00	wiki4d	37
2026-06-18 22:10	buecher	64
2026-06-18 22:10	culios	5
2026-06-18 22:10	dse	413
2026-06-18 22:10	fractal	202
2026-06-18 22:10	nausner	3
2026-06-18 22:10	probier	10
2026-06-18 22:10	support	18
2026-06-18 22:10	wiki4d	36
2026-06-18 22:20	buecher	61
2026-06-18 22:20	culios	1
2026-06-18 22:20	dse	617
2026-06-18 22:20	fractal	276
2026-06-18 22:20	lions	1
2026-06-18 22:20	nausner	3
2026-06-18 22:20	probier	5
2026-06-18 22:20	support	27
2026-06-18 22:20	wiki4d	40
2026-06-18 22:30	buecher	39
2026-06-18 22:30	culios	2
2026-06-18 22:30	dse	672
2026-06-18 22:30	fractal	274
2026-06-18 22:30	lions	2
2026-06-18 22:30	nausner	6
2026-06-18 22:30	probier	5
2026-06-18 22:30	support	16
2026-06-18 22:30	wiki4d	26
2026-06-18 22:40	buecher	62
2026-06-18 22:40	culios	1
2026-06-18 22:40	dse	904
2026-06-18 22:40	fractal	223
2026-06-18 22:40	nausner	2
2026-06-18 22:40	probier	4
2026-06-18 22:40	support	22
2026-06-18 22:40	wiki4d	24
2026-06-18 22:50	buecher	38
2026-06-18 22:50	culios	4
2026-06-18 22:50	dse	529
2026-06-18 22:50	fractal	179
2026-06-18 22:50	nausner	8
2026-06-18 22:50	probier	38
2026-06-18 22:50	support	21
2026-06-18 22:50	wiki4d	29
2026-06-18 23:00	buecher	73
2026-06-18 23:00	culios	3
2026-06-18 23:00	dse	570
2026-06-18 23:00	fractal	163
2026-06-18 23:00	nausner	1
2026-06-18 23:00	probier	19
2026-06-18 23:00	support	27
2026-06-18 23:00	wiki4d	36
2026-06-18 23:10	buecher	76
2026-06-18 23:10	culios	4
2026-06-18 23:10	dse	792
2026-06-18 23:10	fractal	209
2026-06-18 23:10	nausner	5
2026-06-18 23:10	probier	20
2026-06-18 23:10	support	35
2026-06-18 23:10	wiki4d	33
2026-06-18 23:20	buecher	54
2026-06-18 23:20	culios	2
2026-06-18 23:20	dse	731
2026-06-18 23:20	fractal	213
2026-06-18 23:20	nausner	7
2026-06-18 23:20	probier	12
2026-06-18 23:20	support	23
2026-06-18 23:20	wiki4d	49
2026-06-18 23:30	buecher	68
2026-06-18 23:30	culios	2
2026-06-18 23:30	dse	715
2026-06-18 23:30	fractal	204
2026-06-18 23:30	lions	1
2026-06-18 23:30	nausner	4
2026-06-18 23:30	probier	8
2026-06-18 23:30	support	21
2026-06-18 23:30	wiki4d	36
2026-06-18 23:40	buecher	59
2026-06-18 23:40	culios	3
2026-06-18 23:40	dse	990
2026-06-18 23:40	fractal	282
2026-06-18 23:40	lions	1
2026-06-18 23:40	nausner	1
2026-06-18 23:40	support	19
2026-06-18 23:40	wiki4d	25
2026-06-18 23:50	buecher	40
2026-06-18 23:50	culios	3
2026-06-18 23:50	dse	1286
2026-06-18 23:50	fractal	158
2026-06-18 23:50	nausner	3
2026-06-18 23:50	support	27
2026-06-18 23:50	wiki4d	24
2026-06-19 00:00	buecher	119
2026-06-19 00:00	culios	1
2026-06-19 00:00	dse	2395
2026-06-19 00:00	fractal	166
2026-06-19 00:00	nausner	3
2026-06-19 00:00	probier	1
2026-06-19 00:00	support	17
2026-06-19 00:00	wiki4d	54
2026-06-19 00:10	buecher	40
2026-06-19 00:10	culios	5
2026-06-19 00:10	dse	2302
2026-06-19 00:10	fractal	129
2026-06-19 00:10	lions	2
2026-06-19 00:10	nausner	9
2026-06-19 00:10	support	20
2026-06-19 00:10	wiki4d	54
2026-06-19 00:20	buecher	60
2026-06-19 00:20	culios	5
2026-06-19 00:20	dse	1778
2026-06-19 00:20	fractal	209
2026-06-19 00:20	nausner	4
2026-06-19 00:20	probier	2
2026-06-19 00:20	support	18
2026-06-19 00:20	wiki4d	31
2026-06-19 00:30	buecher	65
2026-06-19 00:30	culios	4
2026-06-19 00:30	dse	2260
2026-06-19 00:30	fractal	359
2026-06-19 00:30	lions	1
2026-06-19 00:30	nausner	3
2026-06-19 00:30	probier	1
2026-06-19 00:30	support	27
2026-06-19 00:30	wiki4d	38
2026-06-19 00:40	buecher	104
2026-06-19 00:40	culios	4
2026-06-19 00:40	dse	1839
2026-06-19 00:40	fractal	266
2026-06-19 00:40	lions	1
2026-06-19 00:40	nausner	9
2026-06-19 00:40	probier	2
2026-06-19 00:40	support	41
2026-06-19 00:40	wiki4d	23
2026-06-19 00:50	buecher	84
2026-06-19 00:50	culios	7
2026-06-19 00:50	dse	2191
2026-06-19 00:50	fractal	276
2026-06-19 00:50	lions	2
2026-06-19 00:50	nausner	7
2026-06-19 00:50	probier	3
2026-06-19 00:50	support	30
2026-06-19 00:50	wiki4d	46
2026-06-19 01:00	buecher	49
2026-06-19 01:00	culios	1
2026-06-19 01:00	dse	2397
2026-06-19 01:00	fractal	248
2026-06-19 01:00	lions	2
2026-06-19 01:00	nausner	7
2026-06-19 01:00	probier	1
2026-06-19 01:00	support	26
2026-06-19 01:00	wiki4d	33
2026-06-19 01:10	buecher	45
2026-06-19 01:10	culios	4
2026-06-19 01:10	dse	2295
2026-06-19 01:10	fractal	193
2026-06-19 01:10	nausner	7
2026-06-19 01:10	probier	4
2026-06-19 01:10	support	47
2026-06-19 01:10	wiki4d	28
2026-06-19 01:20	buecher	71
2026-06-19 01:20	culios	2
2026-06-19 01:20	dse	2136
2026-06-19 01:20	fractal	141
2026-06-19 01:20	nausner	2
2026-06-19 01:20	support	26
2026-06-19 01:20	wiki4d	31
2026-06-19 01:30	buecher	57
2026-06-19 01:30	culios	1
2026-06-19 01:30	dse	2199
2026-06-19 01:30	fractal	189
2026-06-19 01:30	lions	1
2026-06-19 01:30	nausner	1
2026-06-19 01:30	probier	1
2026-06-19 01:30	support	20
2026-06-19 01:30	wiki4d	39
2026-06-19 01:40	buecher	51
2026-06-19 01:40	culios	5
2026-06-19 01:40	dse	2084
2026-06-19 01:40	fractal	136
2026-06-19 01:40	nausner	3
2026-06-19 01:40	probier	2
2026-06-19 01:40	support	17
2026-06-19 01:40	wiki4d	36
2026-06-19 01:50	buecher	36
2026-06-19 01:50	culios	1
2026-06-19 01:50	dse	1839
2026-06-19 01:50	fractal	130
2026-06-19 01:50	nausner	1
2026-06-19 01:50	probier	1
2026-06-19 01:50	support	14
2026-06-19 01:50	wiki4d	27
2026-06-19 02:00	buecher	187
2026-06-19 02:00	culios	2
2026-06-19 02:00	dse	2054
2026-06-19 02:00	fractal	160
2026-06-19 02:00	lions	1
2026-06-19 02:00	nausner	2
2026-06-19 02:00	support	10
2026-06-19 02:00	wiki4d	34
2026-06-19 02:10	buecher	51
2026-06-19 02:10	culios	1
2026-06-19 02:10	dse	2529
2026-06-19 02:10	fractal	168
2026-06-19 02:10	nausner	2
2026-06-19 02:10	support	5
2026-06-19 02:10	wiki4d	44
2026-06-19 02:20	buecher	54
2026-06-19 02:20	culios	2
2026-06-19 02:20	dse	2597
2026-06-19 02:20	fractal	155
2026-06-19 02:20	lions	1
2026-06-19 02:20	nausner	3
2026-06-19 02:20	support	11
2026-06-19 02:20	wiki4d	43
2026-06-19 02:30	buecher	97
2026-06-19 02:30	culios	1
2026-06-19 02:30	dse	2596
2026-06-19 02:30	fractal	134
2026-06-19 02:30	nausner	5
2026-06-19 02:30	support	4
2026-06-19 02:30	wiki4d	26
2026-06-19 02:40	buecher	78
2026-06-19 02:40	culios	1
2026-06-19 02:40	dse	2659
2026-06-19 02:40	fractal	135
2026-06-19 02:40	lions	1
2026-06-19 02:40	probier	2
2026-06-19 02:40	support	16
2026-06-19 02:40	wiki4d	21
2026-06-19 02:50	buecher	71
2026-06-19 02:50	dse	2951
2026-06-19 02:50	fractal	186
2026-06-19 02:50	lions	1
2026-06-19 02:50	nausner	2
2026-06-19 02:50	probier	1
2026-06-19 02:50	support	13
2026-06-19 02:50	wiki4d	23
2026-06-19 03:00	buecher	62
2026-06-19 03:00	dse	2978
2026-06-19 03:00	fractal	146
2026-06-19 03:00	nausner	2
2026-06-19 03:00	probier	12
2026-06-19 03:00	support	8
2026-06-19 03:00	wiki4d	27
2026-06-19 03:10	buecher	73
2026-06-19 03:10	dse	2771
2026-06-19 03:10	fractal	168
2026-06-19 03:10	probier	30
2026-06-19 03:10	support	14
2026-06-19 03:10	wiki4d	58
2026-06-19 03:20	buecher	64
2026-06-19 03:20	dse	2925
2026-06-19 03:20	fractal	169
2026-06-19 03:20	nausner	1
2026-06-19 03:20	probier	28
2026-06-19 03:20	support	5
2026-06-19 03:20	wiki4d	37
2026-06-19 03:30	buecher	63
2026-06-19 03:30	culios	1
2026-06-19 03:30	dse	2975
2026-06-19 03:30	fractal	123
2026-06-19 03:30	nausner	1
2026-06-19 03:30	probier	10
2026-06-19 03:30	support	3
2026-06-19 03:30	wiki4d	21
2026-06-19 03:40	buecher	90
2026-06-19 03:40	dse	2500
2026-06-19 03:40	fractal	148
2026-06-19 03:40	support	7
2026-06-19 03:40	wiki4d	27
2026-06-19 03:50	buecher	46
2026-06-19 03:50	culios	1
2026-06-19 03:50	dse	2439
2026-06-19 03:50	fractal	169
2026-06-19 03:50	lions	2
2026-06-19 03:50	probier	2
2026-06-19 03:50	support	2
2026-06-19 03:50	wiki4d	31
2026-06-19 04:00	buecher	64
2026-06-19 04:00	culios	1
2026-06-19 04:00	dse	2398
2026-06-19 04:00	fractal	176
2026-06-19 04:00	probier	3
2026-06-19 04:00	support	9
2026-06-19 04:00	wiki4d	18
2026-06-19 04:10	buecher	63
2026-06-19 04:10	dse	2338
2026-06-19 04:10	fractal	177
2026-06-19 04:10	nausner	1
2026-06-19 04:10	probier	2
2026-06-19 04:10	support	7
2026-06-19 04:10	wiki4d	28
2026-06-19 04:20	buecher	37
2026-06-19 04:20	dse	2387
2026-06-19 04:20	fractal	177
2026-06-19 04:20	lions	1
2026-06-19 04:20	probier	6
2026-06-19 04:20	support	10
2026-06-19 04:20	wiki4d	38
2026-06-19 04:30	buecher	59
2026-06-19 04:30	dse	2537
2026-06-19 04:30	fractal	247
2026-06-19 04:30	nausner	1
2026-06-19 04:30	probier	14
2026-06-19 04:30	support	19
2026-06-19 04:30	wiki4d	29
2026-06-19 04:40	buecher	18
2026-06-19 04:40	dse	2763
2026-06-19 04:40	fractal	198
2026-06-19 04:40	nausner	3
2026-06-19 04:40	support	8
2026-06-19 04:40	wiki4d	28
2026-06-19 04:50	buecher	20
2026-06-19 04:50	dse	3013
2026-06-19 04:50	fractal	123
2026-06-19 04:50	nausner	1
2026-06-19 04:50	probier	18
2026-06-19 04:50	support	6
2026-06-19 04:50	wiki4d	40
2026-06-19 05:00	buecher	78
2026-06-19 05:00	dse	2808
2026-06-19 05:00	fractal	213
2026-06-19 05:00	lions	4
2026-06-19 05:00	nausner	16
2026-06-19 05:00	probier	9
2026-06-19 05:00	support	4
2026-06-19 05:00	wiki4d	41
2026-06-19 05:10	buecher	65
2026-06-19 05:10	culios	1
2026-06-19 05:10	dse	2706
2026-06-19 05:10	fractal	150
2026-06-19 05:10	nausner	1
2026-06-19 05:10	probier	5
2026-06-19 05:10	support	17
2026-06-19 05:10	wiki4d	30
2026-06-19 05:20	buecher	47
2026-06-19 05:20	dse	2774
2026-06-19 05:20	fractal	159
2026-06-19 05:20	probier	4
2026-06-19 05:20	support	14
2026-06-19 05:20	wiki4d	19
2026-06-19 05:30	buecher	76
2026-06-19 05:30	dse	2681
2026-06-19 05:30	fractal	185
2026-06-19 05:30	nausner	5
2026-06-19 05:30	probier	1
2026-06-19 05:30	support	6
2026-06-19 05:30	wiki4d	17
2026-06-19 05:40	buecher	40
2026-06-19 05:40	culios	1
2026-06-19 05:40	dse	2361
2026-06-19 05:40	fractal	212
2026-06-19 05:40	support	4
2026-06-19 05:40	wiki4d	27
2026-06-19 05:50	buecher	43
2026-06-19 05:50	dse	2681
2026-06-19 05:50	fractal	153
2026-06-19 05:50	nausner	3
2026-06-19 05:50	support	18
2026-06-19 05:50	wiki4d	27
2026-06-19 06:00	buecher	99
2026-06-19 06:00	culios	2
2026-06-19 06:00	dse	2411
2026-06-19 06:00	fractal	168
2026-06-19 06:00	lions	2
2026-06-19 06:00	probier	7
2026-06-19 06:00	support	5
2026-06-19 06:00	wiki4d	20
2026-06-19 06:10	buecher	68
2026-06-19 06:10	dse	2430
2026-06-19 06:10	fractal	400
2026-06-19 06:10	nausner	1
2026-06-19 06:10	probier	3
2026-06-19 06:10	support	2
2026-06-19 06:10	wiki4d	36
2026-06-19 06:20	buecher	40
2026-06-19 06:20	culios	1
2026-06-19 06:20	dse	2473
2026-06-19 06:20	fractal	320
2026-06-19 06:20	nausner	9
2026-06-19 06:20	support	14
2026-06-19 06:20	wiki4d	16
2026-06-19 06:30	buecher	39
2026-06-19 06:30	culios	5
2026-06-19 06:30	dse	2422
2026-06-19 06:30	fractal	227
2026-06-19 06:30	lions	2
2026-06-19 06:30	nausner	2
2026-06-19 06:30	probier	1
2026-06-19 06:30	support	27
2026-06-19 06:30	wiki4d	23
2026-06-19 06:40	buecher	54
2026-06-19 06:40	culios	3
2026-06-19 06:40	dse	2999
2026-06-19 06:40	fractal	172
2026-06-19 06:40	nausner	3
2026-06-19 06:40	probier	1
2026-06-19 06:40	support	44
2026-06-19 06:40	wiki4d	24
2026-06-19 06:50	buecher	85
2026-06-19 06:50	culios	1
2026-06-19 06:50	dse	2845
2026-06-19 06:50	fractal	124
2026-06-19 06:50	lions	1
2026-06-19 06:50	nausner	3
2026-06-19 06:50	probier	1
2026-06-19 06:50	support	24
2026-06-19 06:50	wiki4d	26
2026-06-19 07:00	buecher	55
2026-06-19 07:00	dse	2868
2026-06-19 07:00	fractal	171
2026-06-19 07:00	nausner	4
2026-06-19 07:00	probier	1
2026-06-19 07:00	support	21
2026-06-19 07:00	wiki4d	33
2026-06-19 07:10	buecher	50
2026-06-19 07:10	culios	3
2026-06-19 07:10	dse	2910
2026-06-19 07:10	fractal	104
2026-06-19 07:10	lions	1
2026-06-19 07:10	nausner	3
2026-06-19 07:10	probier	2
2026-06-19 07:10	support	35
2026-06-19 07:10	wiki4d	18
2026-06-19 07:20	buecher	74
2026-06-19 07:20	culios	2
2026-06-19 07:20	dse	2946
2026-06-19 07:20	fractal	186
2026-06-19 07:20	lions	1
2026-06-19 07:20	nausner	6
2026-06-19 07:20	probier	2
2026-06-19 07:20	support	21
2026-06-19 07:20	wiki4d	33
2026-06-19 07:30	buecher	76
2026-06-19 07:30	culios	1
2026-06-19 07:30	dse	2869
2026-06-19 07:30	fractal	166
2026-06-19 07:30	nausner	7
2026-06-19 07:30	probier	2
2026-06-19 07:30	support	30
2026-06-19 07:30	wiki4d	32
2026-06-19 07:40	buecher	77
2026-06-19 07:40	dse	2998
2026-06-19 07:40	fractal	245
2026-06-19 07:40	nausner	11
2026-06-19 07:40	support	30
2026-06-19 07:40	wiki4d	33
2026-06-19 07:50	buecher	84
2026-06-19 07:50	culios	2
2026-06-19 07:50	dse	2877
2026-06-19 07:50	fractal	111
2026-06-19 07:50	probier	2
2026-06-19 07:50	support	22
2026-06-19 07:50	wiki4d	38
2026-06-19 08:00	buecher	55
2026-06-19 08:00	culios	3
2026-06-19 08:00	dse	3084
2026-06-19 08:00	fractal	240
2026-06-19 08:00	nausner	5
2026-06-19 08:00	probier	1
2026-06-19 08:00	support	36
2026-06-19 08:00	wiki4d	44
2026-06-19 08:10	buecher	70
2026-06-19 08:10	dse	3176
2026-06-19 08:10	fractal	243
2026-06-19 08:10	lions	1
2026-06-19 08:10	nausner	4
2026-06-19 08:10	probier	2
2026-06-19 08:10	support	26
2026-06-19 08:10	wiki4d	25
2026-06-19 08:20	buecher	88
2026-06-19 08:20	culios	2
2026-06-19 08:20	dse	3123
2026-06-19 08:20	fractal	145
2026-06-19 08:20	lions	4
2026-06-19 08:20	nausner	3
2026-06-19 08:20	probier	2
2026-06-19 08:20	support	22
2026-06-19 08:20	wiki4d	27
2026-06-19 08:30	buecher	76
2026-06-19 08:30	culios	3
2026-06-19 08:30	dse	2913
2026-06-19 08:30	fractal	165
2026-06-19 08:30	lions	1
2026-06-19 08:30	nausner	6
2026-06-19 08:30	support	27
2026-06-19 08:30	wiki4d	35
2026-06-19 08:40	buecher	82
2026-06-19 08:40	culios	1
2026-06-19 08:40	dse	3117
2026-06-19 08:40	fractal	311
2026-06-19 08:40	lions	1
2026-06-19 08:40	nausner	4
2026-06-19 08:40	probier	4
2026-06-19 08:40	support	20
2026-06-19 08:40	wiki4d	60
2026-06-19 08:50	buecher	60
2026-06-19 08:50	culios	3
2026-06-19 08:50	dse	3017
2026-06-19 08:50	fractal	215
2026-06-19 08:50	lions	1
2026-06-19 08:50	nausner	1
2026-06-19 08:50	probier	2
2026-06-19 08:50	support	28
2026-06-19 08:50	wiki4d	21
2026-06-19 09:00	buecher	95
2026-06-19 09:00	culios	1
2026-06-19 09:00	dse	2884
2026-06-19 09:00	fractal	176
2026-06-19 09:00	lions	1
2026-06-19 09:00	nausner	5
2026-06-19 09:00	probier	2
2026-06-19 09:00	support	24
2026-06-19 09:00	wiki4d	20
2026-06-19 09:10	buecher	96
2026-06-19 09:10	culios	2
2026-06-19 09:10	dse	3087
2026-06-19 09:10	fractal	219
2026-06-19 09:10	nausner	3
2026-06-19 09:10	probier	4
2026-06-19 09:10	support	31
2026-06-19 09:10	wiki4d	59
2026-06-19 09:20	buecher	87
2026-06-19 09:20	culios	3
2026-06-19 09:20	dse	3153
2026-06-19 09:20	fractal	174
2026-06-19 09:20	nausner	4
2026-06-19 09:20	support	15
2026-06-19 09:20	wiki4d	36
2026-06-19 09:30	buecher	67
2026-06-19 09:30	culios	4
2026-06-19 09:30	dse	3222
2026-06-19 09:30	fractal	172
2026-06-19 09:30	lions	2
2026-06-19 09:30	nausner	11
2026-06-19 09:30	probier	10
2026-06-19 09:30	support	16
2026-06-19 09:30	wiki4d	24
2026-06-19 09:40	buecher	69
2026-06-19 09:40	culios	3
2026-06-19 09:40	dse	3385
2026-06-19 09:40	fractal	185
2026-06-19 09:40	nausner	7
2026-06-19 09:40	probier	1
2026-06-19 09:40	support	18
2026-06-19 09:40	wiki4d	27
2026-06-19 09:50	buecher	45
2026-06-19 09:50	dse	3080
2026-06-19 09:50	fractal	167
2026-06-19 09:50	nausner	1
2026-06-19 09:50	probier	4
2026-06-19 09:50	support	17
2026-06-19 09:50	wiki4d	62
2026-06-19 10:00	buecher	60
2026-06-19 10:00	culios	3
2026-06-19 10:00	dse	3033
2026-06-19 10:00	fractal	169
2026-06-19 10:00	nausner	2
2026-06-19 10:00	probier	1
2026-06-19 10:00	support	34
2026-06-19 10:00	wiki4d	30
2026-06-19 10:10	buecher	87
2026-06-19 10:10	culios	2
2026-06-19 10:10	dse	3425
2026-06-19 10:10	fractal	157
2026-06-19 10:10	nausner	3
2026-06-19 10:10	probier	2
2026-06-19 10:10	support	20
2026-06-19 10:10	wiki4d	38
2026-06-19 10:20	buecher	74
2026-06-19 10:20	culios	1
2026-06-19 10:20	dse	2740
2026-06-19 10:20	fractal	169
2026-06-19 10:20	nausner	7
2026-06-19 10:20	probier	5
2026-06-19 10:20	support	17
2026-06-19 10:20	wiki4d	50
2026-06-19 10:30	buecher	48
2026-06-19 10:30	culios	3
2026-06-19 10:30	dse	2101
2026-06-19 10:30	fractal	120
2026-06-19 10:30	nausner	3
2026-06-19 10:30	probier	3
2026-06-19 10:30	support	30
2026-06-19 10:30	wiki4d	55
2026-06-19 10:40	buecher	52
2026-06-19 10:40	culios	5
2026-06-19 10:40	dse	2101
2026-06-19 10:40	fractal	204
2026-06-19 10:40	lions	1
2026-06-19 10:40	nausner	8
2026-06-19 10:40	probier	2
2026-06-19 10:40	support	25
2026-06-19 10:40	wiki4d	28
2026-06-19 10:50	buecher	39
2026-06-19 10:50	culios	3
2026-06-19 10:50	dse	1837
2026-06-19 10:50	fractal	194
2026-06-19 10:50	lions	2
2026-06-19 10:50	nausner	5
2026-06-19 10:50	probier	2
2026-06-19 10:50	support	16
2026-06-19 10:50	wiki4d	37
2026-06-19 11:00	buecher	52
2026-06-19 11:00	culios	1
2026-06-19 11:00	dse	1823
2026-06-19 11:00	fractal	189
2026-06-19 11:00	lions	2
2026-06-19 11:00	nausner	3
2026-06-19 11:00	probier	2
2026-06-19 11:00	support	23
2026-06-19 11:00	wiki4d	51
2026-06-19 11:10	buecher	81
2026-06-19 11:10	culios	4
2026-06-19 11:10	dse	1828
2026-06-19 11:10	fractal	180
2026-06-19 11:10	lions	1
2026-06-19 11:10	nausner	9
2026-06-19 11:10	probier	1
2026-06-19 11:10	support	30
2026-06-19 11:10	wiki4d	36
2026-06-19 11:20	buecher	65
2026-06-19 11:20	culios	2
2026-06-19 11:20	dse	2176
2026-06-19 11:20	fractal	234
2026-06-19 11:20	nausner	2
2026-06-19 11:20	probier	3
2026-06-19 11:20	support	19
2026-06-19 11:20	wiki4d	42
2026-06-19 11:30	buecher	67
2026-06-19 11:30	culios	1
2026-06-19 11:30	dse	2205
2026-06-19 11:30	fractal	190
2026-06-19 11:30	nausner	5
2026-06-19 11:30	probier	4
2026-06-19 11:30	support	22
2026-06-19 11:30	wiki4d	51
2026-06-19 11:40	buecher	49
2026-06-19 11:40	culios	1
2026-06-19 11:40	dse	2654
2026-06-19 11:40	fractal	221
2026-06-19 11:40	lions	1
2026-06-19 11:40	nausner	4
2026-06-19 11:40	probier	2
2026-06-19 11:40	support	21
2026-06-19 11:40	wiki4d	48
2026-06-19 11:50	buecher	65
2026-06-19 11:50	culios	3
2026-06-19 11:50	dse	4241
2026-06-19 11:50	fractal	211
2026-06-19 11:50	nausner	4
2026-06-19 11:50	probier	8
2026-06-19 11:50	support	16
2026-06-19 11:50	wiki4d	33
2026-06-19 12:00	buecher	79
2026-06-19 12:00	culios	2
2026-06-19 12:00	dse	2724
2026-06-19 12:00	fractal	188
2026-06-19 12:00	probier	1
2026-06-19 12:00	support	33
2026-06-19 12:00	wiki4d	49
2026-06-19 12:10	buecher	54
2026-06-19 12:10	culios	1
2026-06-19 12:10	dse	2832
2026-06-19 12:10	fractal	209
2026-06-19 12:10	nausner	5
2026-06-19 12:10	support	16
2026-06-19 12:10	wiki4d	45
2026-06-19 12:20	buecher	56
2026-06-19 12:20	culios	4
2026-06-19 12:20	dse	2400
2026-06-19 12:20	fractal	166
2026-06-19 12:20	lions	1
2026-06-19 12:20	nausner	6
2026-06-19 12:20	probier	3
2026-06-19 12:20	support	27
2026-06-19 12:20	wiki4d	43
2026-06-19 12:30	buecher	80
2026-06-19 12:30	culios	1
2026-06-19 12:30	dse	2511
2026-06-19 12:30	fractal	203
2026-06-19 12:30	nausner	6
2026-06-19 12:30	probier	19
2026-06-19 12:30	support	21
2026-06-19 12:30	wiki4d	27
2026-06-19 12:40	buecher	86
2026-06-19 12:40	culios	2
2026-06-19 12:40	dse	2787
2026-06-19 12:40	fractal	210
2026-06-19 12:40	lions	1
2026-06-19 12:40	nausner	3
2026-06-19 12:40	probier	5
2026-06-19 12:40	support	36
2026-06-19 12:40	wiki4d	47
2026-06-19 12:50	buecher	75
2026-06-19 12:50	culios	3
2026-06-19 12:50	dse	2695
2026-06-19 12:50	fractal	189
2026-06-19 12:50	nausner	8
2026-06-19 12:50	probier	1
2026-06-19 12:50	support	19
2026-06-19 12:50	wiki4d	36
2026-06-19 13:00	buecher	76
2026-06-19 13:00	culios	4
2026-06-19 13:00	dse	2630
2026-06-19 13:00	fractal	208
2026-06-19 13:00	nausner	4
2026-06-19 13:00	probier	2
2026-06-19 13:00	support	16
2026-06-19 13:00	wiki4d	52
2026-06-19 13:10	buecher	87
2026-06-19 13:10	culios	3
2026-06-19 13:10	dse	2433
2026-06-19 13:10	fractal	206
2026-06-19 13:10	lions	1
2026-06-19 13:10	nausner	2
2026-06-19 13:10	support	51
2026-06-19 13:10	wiki4d	43
2026-06-19 13:20	buecher	70
2026-06-19 13:20	dse	2480
2026-06-19 13:20	fractal	222
2026-06-19 13:20	nausner	3
2026-06-19 13:20	probier	4
2026-06-19 13:20	support	18
2026-06-19 13:20	wiki4d	30
2026-06-19 13:30	buecher	122
2026-06-19 13:30	culios	2
2026-06-19 13:30	dse	2211
2026-06-19 13:30	fractal	187
2026-06-19 13:30	lions	1
2026-06-19 13:30	nausner	4
2026-06-19 13:30	probier	7
2026-06-19 13:30	support	14
2026-06-19 13:30	wiki4d	38
2026-06-19 13:40	buecher	76
2026-06-19 13:40	culios	3
2026-06-19 13:40	dse	2134
2026-06-19 13:40	fractal	185
2026-06-19 13:40	nausner	2
2026-06-19 13:40	probier	1
2026-06-19 13:40	support	22
2026-06-19 13:40	wiki4d	32
2026-06-19 13:50	buecher	83
2026-06-19 13:50	dse	2268
2026-06-19 13:50	fractal	181
2026-06-19 13:50	lions	2
2026-06-19 13:50	nausner	6
2026-06-19 13:50	probier	1
2026-06-19 13:50	support	24
2026-06-19 13:50	wiki4d	40
2026-06-19 14:00	buecher	117
2026-06-19 14:00	culios	4
2026-06-19 14:00	dse	2223
2026-06-19 14:00	fractal	155
2026-06-19 14:00	lions	1
2026-06-19 14:00	nausner	4
2026-06-19 14:00	probier	2
2026-06-19 14:00	support	20
2026-06-19 14:00	wiki4d	27
2026-06-19 14:10	buecher	91
2026-06-19 14:10	culios	1
2026-06-19 14:10	dse	2184
2026-06-19 14:10	fractal	190
2026-06-19 14:10	lions	1
2026-06-19 14:10	nausner	6
2026-06-19 14:10	probier	1
2026-06-19 14:10	support	16
2026-06-19 14:10	wiki4d	46
2026-06-19 14:20	buecher	108
2026-06-19 14:20	culios	10
2026-06-19 14:20	dse	2284
2026-06-19 14:20	fractal	163
2026-06-19 14:20	nausner	7
2026-06-19 14:20	probier	5
2026-06-19 14:20	support	24
2026-06-19 14:20	wiki4d	36
2026-06-19 14:30	buecher	84
2026-06-19 14:30	culios	3
2026-06-19 14:30	dse	1992
2026-06-19 14:30	fractal	169
2026-06-19 14:30	lions	2
2026-06-19 14:30	nausner	8
2026-06-19 14:30	probier	2
2026-06-19 14:30	support	23
2026-06-19 14:30	wiki4d	26
2026-06-19 14:40	buecher	140
2026-06-19 14:40	dse	2115
2026-06-19 14:40	fractal	178
2026-06-19 14:40	lions	1
2026-06-19 14:40	nausner	2
2026-06-19 14:40	probier	2
2026-06-19 14:40	support	18
2026-06-19 14:40	wiki4d	25
2026-06-19 14:50	buecher	74
2026-06-19 14:50	dse	1789
2026-06-19 14:50	fractal	232
2026-06-19 14:50	lions	1
2026-06-19 14:50	nausner	3
2026-06-19 14:50	probier	4
2026-06-19 14:50	support	27
2026-06-19 14:50	wiki4d	39
2026-06-19 15:00	buecher	64
2026-06-19 15:00	culios	5
2026-06-19 15:00	dse	1688
2026-06-19 15:00	fractal	159
2026-06-19 15:00	lions	1
2026-06-19 15:00	nausner	5
2026-06-19 15:00	probier	1
2026-06-19 15:00	support	21
2026-06-19 15:00	wiki4d	29
2026-06-19 15:10	buecher	93
2026-06-19 15:10	culios	1
2026-06-19 15:10	dse	1453
2026-06-19 15:10	fractal	207
2026-06-19 15:10	nausner	3
2026-06-19 15:10	probier	1
2026-06-19 15:10	support	22
2026-06-19 15:10	wiki4d	59
2026-06-19 15:20	buecher	77
2026-06-19 15:20	culios	3
2026-06-19 15:20	dse	1660
2026-06-19 15:20	fractal	168
2026-06-19 15:20	lions	2
2026-06-19 15:20	nausner	4
2026-06-19 15:20	probier	1
2026-06-19 15:20	support	27
2026-06-19 15:20	wiki4d	31
2026-06-19 15:30	buecher	74
2026-06-19 15:30	culios	8
2026-06-19 15:30	dse	1660
2026-06-19 15:30	fractal	189
2026-06-19 15:30	nausner	4
2026-06-19 15:30	probier	1
2026-06-19 15:30	support	18
2026-06-19 15:30	wiki4d	32
2026-06-19 15:40	buecher	82
2026-06-19 15:40	culios	5
2026-06-19 15:40	dse	1446
2026-06-19 15:40	fractal	170
2026-06-19 15:40	lions	1
2026-06-19 15:40	nausner	6
2026-06-19 15:40	probier	1
2026-06-19 15:40	support	33
2026-06-19 15:40	wiki4d	27
2026-06-19 15:50	buecher	76
2026-06-19 15:50	culios	4
2026-06-19 15:50	dse	1229
2026-06-19 15:50	fractal	161
2026-06-19 15:50	nausner	3
2026-06-19 15:50	probier	1
2026-06-19 15:50	support	25
2026-06-19 15:50	wiki4d	42
2026-06-19 16:00	buecher	68
2026-06-19 16:00	culios	2
2026-06-19 16:00	dse	1449
2026-06-19 16:00	fractal	194
2026-06-19 16:00	nausner	3
2026-06-19 16:00	probier	3
2026-06-19 16:00	support	32
2026-06-19 16:00	wiki4d	48
2026-06-19 16:10	buecher	61
2026-06-19 16:10	culios	3
2026-06-19 16:10	dse	1655
2026-06-19 16:10	fractal	151
2026-06-19 16:10	lions	1
2026-06-19 16:10	nausner	6
2026-06-19 16:10	probier	3
2026-06-19 16:10	support	23
2026-06-19 16:10	wiki4d	37
2026-06-19 16:20	buecher	63
2026-06-19 16:20	culios	2
2026-06-19 16:20	dse	1239
2026-06-19 16:20	fractal	124
2026-06-19 16:20	lions	4
2026-06-19 16:20	nausner	1
2026-06-19 16:20	probier	1
2026-06-19 16:20	support	15
2026-06-19 16:20	wiki4d	38
2026-06-19 16:30	buecher	51
2026-06-19 16:30	culios	1
2026-06-19 16:30	dse	1152
2026-06-19 16:30	fractal	161
2026-06-19 16:30	nausner	7
2026-06-19 16:30	probier	1
2026-06-19 16:30	support	13
2026-06-19 16:30	wiki4d	92
2026-06-19 16:40	buecher	68
2026-06-19 16:40	culios	4
2026-06-19 16:40	dse	1333
2026-06-19 16:40	fractal	99
2026-06-19 16:40	lions	1
2026-06-19 16:40	nausner	2
2026-06-19 16:40	probier	2
2026-06-19 16:40	support	38
2026-06-19 16:40	wiki4d	32
2026-06-19 16:50	buecher	71
2026-06-19 16:50	culios	1
2026-06-19 16:50	dse	1327
2026-06-19 16:50	fractal	134
2026-06-19 16:50	lions	1
2026-06-19 16:50	nausner	4
2026-06-19 16:50	probier	4
2026-06-19 16:50	support	22
2026-06-19 16:50	wiki4d	44
2026-06-19 17:00	buecher	70
2026-06-19 17:00	culios	1
2026-06-19 17:00	dse	612
2026-06-19 17:00	fractal	186
2026-06-19 17:00	lions	2
2026-06-19 17:00	nausner	1
2026-06-19 17:00	probier	2
2026-06-19 17:00	support	26
2026-06-19 17:00	wiki4d	29
2026-06-19 17:10	buecher	69
2026-06-19 17:10	culios	5
2026-06-19 17:10	dse	435
2026-06-19 17:10	fractal	169
2026-06-19 17:10	nausner	4
2026-06-19 17:10	probier	3
2026-06-19 17:10	support	16
2026-06-19 17:10	wiki4d	31
2026-06-19 17:20	buecher	75
2026-06-19 17:20	culios	4
2026-06-19 17:20	dse	948
2026-06-19 17:20	fractal	163
2026-06-19 17:20	lions	1
2026-06-19 17:20	nausner	2
2026-06-19 17:20	probier	3
2026-06-19 17:20	support	26
2026-06-19 17:20	wiki4d	17
2026-06-19 17:30	buecher	65
2026-06-19 17:30	culios	1
2026-06-19 17:30	dse	860
2026-06-19 17:30	fractal	204
2026-06-19 17:30	lions	1
2026-06-19 17:30	nausner	7
2026-06-19 17:30	probier	2
2026-06-19 17:30	support	22
2026-06-19 17:30	wiki4d	35
2026-06-19 17:40	buecher	77
2026-06-19 17:40	culios	3
2026-06-19 17:40	dse	624
2026-06-19 17:40	fractal	200
2026-06-19 17:40	lions	1
2026-06-19 17:40	nausner	5
2026-06-19 17:40	probier	3
2026-06-19 17:40	support	24
2026-06-19 17:40	wiki4d	40
2026-06-19 17:50	buecher	103
2026-06-19 17:50	culios	1
2026-06-19 17:50	dse	761
2026-06-19 17:50	fractal	207
2026-06-19 17:50	lions	2
2026-06-19 17:50	nausner	2
2026-06-19 17:50	probier	1
2026-06-19 17:50	support	23
2026-06-19 17:50	wiki4d	39
2026-06-19 18:00	buecher	108
2026-06-19 18:00	culios	1
2026-06-19 18:00	dse	656
2026-06-19 18:00	fractal	183
2026-06-19 18:00	nausner	6
2026-06-19 18:00	probier	4
2026-06-19 18:00	support	19
2026-06-19 18:00	wiki4d	30
2026-06-19 18:10	buecher	108
2026-06-19 18:10	culios	3
2026-06-19 18:10	dse	781
2026-06-19 18:10	fractal	159
2026-06-19 18:10	lions	1
2026-06-19 18:10	nausner	2
2026-06-19 18:10	probier	2
2026-06-19 18:10	support	28
2026-06-19 18:10	wiki4d	45
2026-06-19 18:20	buecher	107
2026-06-19 18:20	culios	1
2026-06-19 18:20	dse	872
2026-06-19 18:20	fractal	192
2026-06-19 18:20	nausner	5
2026-06-19 18:20	probier	2
2026-06-19 18:20	support	24
2026-06-19 18:20	wiki4d	39
2026-06-19 18:30	buecher	75
2026-06-19 18:30	culios	4
2026-06-19 18:30	dse	1016
2026-06-19 18:30	fractal	126
2026-06-19 18:30	nausner	3
2026-06-19 18:30	probier	5
2026-06-19 18:30	support	20
2026-06-19 18:30	wiki4d	43
2026-06-19 18:40	buecher	297
2026-06-19 18:40	culios	12
2026-06-19 18:40	dse	931
2026-06-19 18:40	fractal	165
2026-06-19 18:40	nausner	3
2026-06-19 18:40	probier	2
2026-06-19 18:40	support	28
2026-06-19 18:40	wiki4d	131
2026-06-19 18:50	buecher	53
2026-06-19 18:50	culios	1
2026-06-19 18:50	dse	785
2026-06-19 18:50	fractal	186
2026-06-19 18:50	lions	2
2026-06-19 18:50	nausner	5
2026-06-19 18:50	probier	2
2026-06-19 18:50	support	22
2026-06-19 18:50	wiki4d	111
2026-06-19 19:00	buecher	51
2026-06-19 19:00	culios	1
2026-06-19 19:00	dse	602
2026-06-19 19:00	fractal	162
2026-06-19 19:00	lions	1
2026-06-19 19:00	nausner	1
2026-06-19 19:00	probier	4
2026-06-19 19:00	support	18
2026-06-19 19:00	wiki4d	49
2026-06-19 19:10	buecher	45
2026-06-19 19:10	culios	3
2026-06-19 19:10	dse	660
2026-06-19 19:10	fractal	153
2026-06-19 19:10	nausner	2
2026-06-19 19:10	probier	4
2026-06-19 19:10	support	30
2026-06-19 19:10	wiki4d	37
2026-06-19 19:20	buecher	166
2026-06-19 19:20	culios	3
2026-06-19 19:20	dse	713
2026-06-19 19:20	fractal	208
2026-06-19 19:20	nausner	11
2026-06-19 19:20	probier	4
2026-06-19 19:20	support	29
2026-06-19 19:20	wiki4d	46
2026-06-19 19:30	buecher	37
2026-06-19 19:30	culios	8
2026-06-19 19:30	dse	881
2026-06-19 19:30	fractal	188
2026-06-19 19:30	nausner	3
2026-06-19 19:30	probier	7
2026-06-19 19:30	support	23
2026-06-19 19:30	wiki4d	32
2026-06-19 19:40	buecher	36
2026-06-19 19:40	culios	6
2026-06-19 19:40	dse	1540
2026-06-19 19:40	fractal	159
2026-06-19 19:40	nausner	3
2026-06-19 19:40	probier	10
2026-06-19 19:40	support	20
2026-06-19 19:40	wiki4d	536
2026-06-19 19:50	buecher	62
2026-06-19 19:50	culios	2
2026-06-19 19:50	dse	1946
2026-06-19 19:50	fractal	144
2026-06-19 19:50	lions	1
2026-06-19 19:50	nausner	1
2026-06-19 19:50	probier	12
2026-06-19 19:50	support	21
2026-06-19 19:50	wiki4d	36
2026-06-19 20:00	buecher	60
2026-06-19 20:00	dse	1559
2026-06-19 20:00	fractal	195
2026-06-19 20:00	lions	1
2026-06-19 20:00	nausner	7
2026-06-19 20:00	probier	11
2026-06-19 20:00	support	18
2026-06-19 20:00	wiki4d	34
2026-06-19 20:10	buecher	53
2026-06-19 20:10	culios	3
2026-06-19 20:10	dse	948
2026-06-19 20:10	fractal	210
2026-06-19 20:10	nausner	4
2026-06-19 20:10	probier	12
2026-06-19 20:10	support	26
2026-06-19 20:10	wiki4d	34
2026-06-19 20:20	buecher	50
2026-06-19 20:20	culios	2
2026-06-19 20:20	dse	934
2026-06-19 20:20	fractal	103
2026-06-19 20:20	nausner	4
2026-06-19 20:20	probier	17
2026-06-19 20:20	support	25
2026-06-19 20:20	wiki4d	28
2026-06-19 20:30	buecher	46
2026-06-19 20:30	culios	4
2026-06-19 20:30	dse	1058
2026-06-19 20:30	fractal	137
2026-06-19 20:30	nausner	4
2026-06-19 20:30	probier	8
2026-06-19 20:30	support	21
2026-06-19 20:30	wiki4d	44
2026-06-19 20:40	buecher	48
2026-06-19 20:40	dse	1673
2026-06-19 20:40	fractal	81
2026-06-19 20:40	nausner	7
2026-06-19 20:40	probier	24
2026-06-19 20:40	support	20
2026-06-19 20:40	wiki4d	35
2026-06-19 20:50	buecher	58
2026-06-19 20:50	culios	1
2026-06-19 20:50	dse	1012
2026-06-19 20:50	fractal	195
2026-06-19 20:50	lions	1
2026-06-19 20:50	nausner	1
2026-06-19 20:50	probier	7
2026-06-19 20:50	support	22
2026-06-19 20:50	wiki4d	39
2026-06-19 21:00	buecher	66
2026-06-19 21:00	culios	15
2026-06-19 21:00	dse	295
2026-06-19 21:00	fractal	183
2026-06-19 21:00	lions	1
2026-06-19 21:00	nausner	3
2026-06-19 21:00	probier	10
2026-06-19 21:00	support	19
2026-06-19 21:00	wiki4d	33
2026-06-19 21:10	buecher	66
2026-06-19 21:10	culios	2
2026-06-19 21:10	dse	333
2026-06-19 21:10	fractal	310
2026-06-19 21:10	lions	1
2026-06-19 21:10	nausner	7
2026-06-19 21:10	probier	2
2026-06-19 21:10	support	32
2026-06-19 21:10	wiki4d	35
2026-06-19 21:20	buecher	101
2026-06-19 21:20	culios	2
2026-06-19 21:20	dse	212
2026-06-19 21:20	fractal	176
2026-06-19 21:20	nausner	4
2026-06-19 21:20	probier	4
2026-06-19 21:20	support	23
2026-06-19 21:20	wiki4d	39
2026-06-19 21:30	buecher	34
2026-06-19 21:30	culios	2
2026-06-19 21:30	dse	1186
2026-06-19 21:30	fractal	109
2026-06-19 21:30	probier	4
2026-06-19 21:30	support	23
2026-06-19 21:30	wiki4d	37
2026-06-19 21:40	buecher	79
2026-06-19 21:40	culios	5
2026-06-19 21:40	dse	864
2026-06-19 21:40	fractal	174
2026-06-19 21:40	lions	1
2026-06-19 21:40	nausner	5
2026-06-19 21:40	probier	1
2026-06-19 21:40	support	23
2026-06-19 21:40	wiki4d	37
2026-06-19 21:50	buecher	93
2026-06-19 21:50	dse	1187
2026-06-19 21:50	fractal	154
2026-06-19 21:50	probier	2
2026-06-19 21:50	support	21
2026-06-19 21:50	wiki4d	100
2026-06-19 22:00	buecher	50
2026-06-19 22:00	culios	1
2026-06-19 22:00	dse	1531
2026-06-19 22:00	fractal	119
2026-06-19 22:00	nausner	2
2026-06-19 22:00	probier	37
2026-06-19 22:00	support	31
2026-06-19 22:00	wiki4d	49
2026-06-19 22:10	buecher	33
2026-06-19 22:10	culios	2
2026-06-19 22:10	dse	1117
2026-06-19 22:10	fractal	120
2026-06-19 22:10	lions	1
2026-06-19 22:10	nausner	1
2026-06-19 22:10	support	22
2026-06-19 22:10	wiki4d	77
2026-06-19 22:20	buecher	50
2026-06-19 22:20	culios	2
2026-06-19 22:20	dse	364
2026-06-19 22:20	fractal	162
2026-06-19 22:20	nausner	3
2026-06-19 22:20	probier	2
2026-06-19 22:20	support	18
2026-06-19 22:20	wiki4d	51
2026-06-19 22:30	buecher	230
2026-06-19 22:30	culios	1
2026-06-19 22:30	dse	234
2026-06-19 22:30	fractal	233
2026-06-19 22:30	nausner	2
2026-06-19 22:30	probier	1
2026-06-19 22:30	support	29
2026-06-19 22:30	wiki4d	47
2026-06-19 22:40	buecher	75
2026-06-19 22:40	culios	2
2026-06-19 22:40	dse	644
2026-06-19 22:40	fractal	202
2026-06-19 22:40	nausner	2
2026-06-19 22:40	probier	1
2026-06-19 22:40	support	19
2026-06-19 22:40	wiki4d	35
2026-06-19 22:50	buecher	51
2026-06-19 22:50	dse	392
2026-06-19 22:50	fractal	227
2026-06-19 22:50	nausner	3
2026-06-19 22:50	probier	3
2026-06-19 22:50	support	18
2026-06-19 22:50	wiki4d	40
2026-06-19 23:00	buecher	39
2026-06-19 23:00	culios	5
2026-06-19 23:00	dse	1425
2026-06-19 23:00	fractal	147
2026-06-19 23:00	lions	1
2026-06-19 23:00	nausner	1
2026-06-19 23:00	probier	5
2026-06-19 23:00	support	30
2026-06-19 23:00	wiki4d	51
2026-06-19 23:10	buecher	52
2026-06-19 23:10	dse	1700
2026-06-19 23:10	fractal	113
2026-06-19 23:10	nausner	1
2026-06-19 23:10	probier	11
2026-06-19 23:10	support	23
2026-06-19 23:10	wiki4d	47
2026-06-19 23:20	buecher	60
2026-06-19 23:20	culios	3
2026-06-19 23:20	dse	3411
2026-06-19 23:20	fractal	154
2026-06-19 23:20	nausner	1
2026-06-19 23:20	probier	1
2026-06-19 23:20	support	24
2026-06-19 23:20	wiki4d	57
2026-06-19 23:30	buecher	45
2026-06-19 23:30	culios	5
2026-06-19 23:30	dse	4180
2026-06-19 23:30	fractal	118
2026-06-19 23:30	lions	1
2026-06-19 23:30	nausner	2
2026-06-19 23:30	probier	1
2026-06-19 23:30	support	25
2026-06-19 23:30	wiki4d	35
2026-06-19 23:40	buecher	49
2026-06-19 23:40	culios	2
2026-06-19 23:40	dse	3797
2026-06-19 23:40	fractal	80
2026-06-19 23:40	nausner	5
2026-06-19 23:40	probier	2
2026-06-19 23:40	support	24
2026-06-19 23:40	wiki4d	28
2026-06-19 23:50	buecher	35
2026-06-19 23:50	culios	3
2026-06-19 23:50	dse	2146
2026-06-19 23:50	fractal	66
2026-06-19 23:50	nausner	5
2026-06-19 23:50	probier	2
2026-06-19 23:50	support	22
2026-06-19 23:50	wiki4d	29
2026-06-20 00:00	buecher	28
2026-06-20 00:00	culios	3
2026-06-20 00:00	dse	2860
2026-06-20 00:00	fractal	173
2026-06-20 00:00	nausner	2
2026-06-20 00:00	probier	3
2026-06-20 00:00	support	24
2026-06-20 00:00	wiki4d	36
2026-06-20 00:10	buecher	26
2026-06-20 00:10	culios	2
2026-06-20 00:10	dse	2456
2026-06-20 00:10	fractal	140
2026-06-20 00:10	nausner	4
2026-06-20 00:10	probier	4
2026-06-20 00:10	support	26
2026-06-20 00:10	wiki4d	33
2026-06-20 00:20	buecher	27
2026-06-20 00:20	culios	1
2026-06-20 00:20	dse	1668
2026-06-20 00:20	fractal	316
2026-06-20 00:20	nausner	5
2026-06-20 00:20	probier	4
2026-06-20 00:20	support	18
2026-06-20 00:20	wiki4d	25
2026-06-20 00:30	buecher	33
2026-06-20 00:30	dse	1942
2026-06-20 00:30	fractal	107
2026-06-20 00:30	lions	1
2026-06-20 00:30	nausner	4
2026-06-20 00:30	probier	24
2026-06-20 00:30	support	19
2026-06-20 00:30	wiki4d	29
2026-06-20 00:40	buecher	38
2026-06-20 00:40	culios	2
2026-06-20 00:40	dse	2444
2026-06-20 00:40	fractal	190
2026-06-20 00:40	lions	1
2026-06-20 00:40	nausner	5
2026-06-20 00:40	probier	18
2026-06-20 00:40	support	16
2026-06-20 00:40	wiki4d	32
2026-06-20 00:50	buecher	41
2026-06-20 00:50	culios	3
2026-06-20 00:50	dse	3734
2026-06-20 00:50	fractal	217
2026-06-20 00:50	nausner	14
2026-06-20 00:50	probier	12
2026-06-20 00:50	support	23
2026-06-20 00:50	wiki4d	37
2026-06-20 01:00	buecher	66
2026-06-20 01:00	dse	4977
2026-06-20 01:00	fractal	170
2026-06-20 01:00	nausner	3
2026-06-20 01:00	probier	2
2026-06-20 01:00	support	29
2026-06-20 01:00	wiki4d	47
2026-06-20 01:10	buecher	53
2026-06-20 01:10	culios	3
2026-06-20 01:10	dse	2861
2026-06-20 01:10	fractal	118
2026-06-20 01:10	lions	1
2026-06-20 01:10	nausner	4
2026-06-20 01:10	probier	16
2026-06-20 01:10	support	31
2026-06-20 01:10	wiki4d	35
2026-06-20 01:20	buecher	27
2026-06-20 01:20	culios	1
2026-06-20 01:20	dse	597
2026-06-20 01:20	fractal	114
2026-06-20 01:20	lions	1
2026-06-20 01:20	nausner	12
2026-06-20 01:20	probier	2
2026-06-20 01:20	support	23
2026-06-20 01:20	wiki4d	51
2026-06-20 01:30	buecher	31
2026-06-20 01:30	dse	3467
2026-06-20 01:30	fractal	150
2026-06-20 01:30	nausner	15
2026-06-20 01:30	probier	41
2026-06-20 01:30	support	37
2026-06-20 01:30	wiki4d	28
2026-06-20 01:40	buecher	36
2026-06-20 01:40	culios	2
2026-06-20 01:40	dse	5140
2026-06-20 01:40	fractal	154
2026-06-20 01:40	lions	2
2026-06-20 01:40	nausner	10
2026-06-20 01:40	probier	4
2026-06-20 01:40	support	19
2026-06-20 01:40	wiki4d	47
2026-06-20 01:50	buecher	28
2026-06-20 01:50	culios	2
2026-06-20 01:50	dse	4757
2026-06-20 01:50	fractal	135
2026-06-20 01:50	nausner	2
2026-06-20 01:50	probier	1
2026-06-20 01:50	support	25
2026-06-20 01:50	wiki4d	57
2026-06-20 02:00	buecher	37
2026-06-20 02:00	culios	2
2026-06-20 02:00	dse	6333
2026-06-20 02:00	fractal	112
2026-06-20 02:00	nausner	3
2026-06-20 02:00	support	19
2026-06-20 02:00	wiki4d	20
2026-06-20 02:10	buecher	53
2026-06-20 02:10	culios	7
2026-06-20 02:10	dse	4789
2026-06-20 02:10	fractal	142
2026-06-20 02:10	nausner	7
2026-06-20 02:10	probier	1
2026-06-20 02:10	support	30
2026-06-20 02:10	wiki4d	105
2026-06-20 02:20	buecher	38
2026-06-20 02:20	culios	2
2026-06-20 02:20	dse	4069
2026-06-20 02:20	fractal	182
2026-06-20 02:20	nausner	7
2026-06-20 02:20	probier	1
2026-06-20 02:20	support	21
2026-06-20 02:20	wiki4d	30
2026-06-20 02:30	buecher	76
2026-06-20 02:30	dse	1239
2026-06-20 02:30	fractal	112
2026-06-20 02:30	nausner	2
2026-06-20 02:30	probier	1
2026-06-20 02:30	support	18
2026-06-20 02:30	wiki4d	29
2026-06-20 02:40	buecher	35
2026-06-20 02:40	culios	1
2026-06-20 02:40	dse	1117
2026-06-20 02:40	fractal	73
2026-06-20 02:40	nausner	5
2026-06-20 02:40	probier	1
2026-06-20 02:40	support	22
2026-06-20 02:40	wiki4d	39
2026-06-20 02:50	buecher	52
2026-06-20 02:50	culios	2
2026-06-20 02:50	dse	984
2026-06-20 02:50	fractal	90
2026-06-20 02:50	lions	2
2026-06-20 02:50	nausner	4
2026-06-20 02:50	probier	2
2026-06-20 02:50	support	31
2026-06-20 02:50	wiki4d	34
2026-06-20 03:00	buecher	32
2026-06-20 03:00	culios	2
2026-06-20 03:00	dse	3462
2026-06-20 03:00	fractal	246
2026-06-20 03:00	nausner	2
2026-06-20 03:00	support	26
2026-06-20 03:00	wiki4d	31
2026-06-20 03:10	buecher	48
2026-06-20 03:10	culios	7
2026-06-20 03:10	dse	3355
2026-06-20 03:10	fractal	336
2026-06-20 03:10	lions	2
2026-06-20 03:10	nausner	3
2026-06-20 03:10	support	30
2026-06-20 03:10	wiki4d	45
2026-06-20 03:20	buecher	96
2026-06-20 03:20	culios	3
2026-06-20 03:20	dse	3215
2026-06-20 03:20	fractal	258
2026-06-20 03:20	nausner	5
2026-06-20 03:20	probier	2
2026-06-20 03:20	support	25
2026-06-20 03:20	wiki4d	33
2026-06-20 03:30	buecher	76
2026-06-20 03:30	culios	1
2026-06-20 03:30	dse	2657
2026-06-20 03:30	fractal	107
2026-06-20 03:30	nausner	1
2026-06-20 03:30	probier	1
2026-06-20 03:30	support	15
2026-06-20 03:30	wiki4d	33
2026-06-20 03:40	buecher	68
2026-06-20 03:40	culios	1
2026-06-20 03:40	dse	5175
2026-06-20 03:40	fractal	109
2026-06-20 03:40	lions	1
2026-06-20 03:40	nausner	2
2026-06-20 03:40	probier	1
2026-06-20 03:40	support	26
2026-06-20 03:40	wiki4d	51
2026-06-20 03:50	buecher	91
2026-06-20 03:50	culios	4
2026-06-20 03:50	dse	2165
2026-06-20 03:50	fractal	128
2026-06-20 03:50	nausner	3
2026-06-20 03:50	probier	1
2026-06-20 03:50	support	31
2026-06-20 03:50	wiki4d	49
2026-06-20 04:00	buecher	95
2026-06-20 04:00	culios	5
2026-06-20 04:00	dse	1034
2026-06-20 04:00	fractal	203
2026-06-20 04:00	nausner	2
2026-06-20 04:00	support	31
2026-06-20 04:00	wiki4d	50
2026-06-20 04:10	buecher	75
2026-06-20 04:10	culios	2
2026-06-20 04:10	dse	787
2026-06-20 04:10	fractal	91
2026-06-20 04:10	lions	1
2026-06-20 04:10	nausner	2
2026-06-20 04:10	support	15
2026-06-20 04:10	wiki4d	35
2026-06-20 04:20	buecher	81
2026-06-20 04:20	culios	4
2026-06-20 04:20	dse	882
2026-06-20 04:20	fractal	125
2026-06-20 04:20	lions	2
2026-06-20 04:20	nausner	3
2026-06-20 04:20	probier	1
2026-06-20 04:20	support	25
2026-06-20 04:20	wiki4d	48
2026-06-20 04:30	buecher	77
2026-06-20 04:30	culios	2
2026-06-20 04:30	dse	1945
2026-06-20 04:30	fractal	121
2026-06-20 04:30	lions	1
2026-06-20 04:30	nausner	2
2026-06-20 04:30	probier	2
2026-06-20 04:30	support	20
2026-06-20 04:30	wiki4d	63
2026-06-20 04:40	buecher	88
2026-06-20 04:40	culios	3
2026-06-20 04:40	dse	2686
2026-06-20 04:40	fractal	182
2026-06-20 04:40	nausner	2
2026-06-20 04:40	support	27
2026-06-20 04:40	wiki4d	63
2026-06-20 04:50	buecher	125
2026-06-20 04:50	culios	2
2026-06-20 04:50	dse	3182
2026-06-20 04:50	fractal	164
2026-06-20 04:50	nausner	3
2026-06-20 04:50	probier	2
2026-06-20 04:50	support	13
2026-06-20 04:50	wiki4d	41
2026-06-20 05:00	buecher	76
2026-06-20 05:00	culios	2
2026-06-20 05:00	dse	2999
2026-06-20 05:00	fractal	126
2026-06-20 05:00	nausner	4
2026-06-20 05:00	support	22
2026-06-20 05:00	wiki4d	48
2026-06-20 05:10	buecher	80
2026-06-20 05:10	culios	4
2026-06-20 05:10	dse	2517
2026-06-20 05:10	fractal	74
2026-06-20 05:10	nausner	1
2026-06-20 05:10	probier	2
2026-06-20 05:10	support	68
2026-06-20 05:10	wiki4d	69
2026-06-20 05:20	buecher	73
2026-06-20 05:20	culios	5
2026-06-20 05:20	dse	2361
2026-06-20 05:20	fractal	152
2026-06-20 05:20	nausner	4
2026-06-20 05:20	probier	5
2026-06-20 05:20	support	44
2026-06-20 05:20	wiki4d	33
2026-06-20 05:30	buecher	90
2026-06-20 05:30	culios	3
2026-06-20 05:30	dse	2703
2026-06-20 05:30	fractal	112
2026-06-20 05:30	nausner	4
2026-06-20 05:30	probier	9
2026-06-20 05:30	support	28
2026-06-20 05:30	wiki4d	46
2026-06-20 05:40	buecher	102
2026-06-20 05:40	dse	2371
2026-06-20 05:40	fractal	72
2026-06-20 05:40	nausner	4
2026-06-20 05:40	probier	9
2026-06-20 05:40	support	22
2026-06-20 05:40	wiki4d	57
2026-06-20 05:50	buecher	98
2026-06-20 05:50	culios	2
2026-06-20 05:50	dse	2232
2026-06-20 05:50	fractal	107
2026-06-20 05:50	nausner	1
2026-06-20 05:50	probier	8
2026-06-20 05:50	support	19
2026-06-20 05:50	wiki4d	47
2026-06-20 06:00	buecher	49
2026-06-20 06:00	culios	4
2026-06-20 06:00	dse	3781
2026-06-20 06:00	fractal	111
2026-06-20 06:00	lions	1
2026-06-20 06:00	nausner	3
2026-06-20 06:00	probier	10
2026-06-20 06:00	support	14
2026-06-20 06:00	wiki4d	70
2026-06-20 06:10	buecher	49
2026-06-20 06:10	culios	5
2026-06-20 06:10	dse	3371
2026-06-20 06:10	fractal	127
2026-06-20 06:10	lions	6
2026-06-20 06:10	nausner	3
2026-06-20 06:10	probier	11
2026-06-20 06:10	support	52
2026-06-20 06:10	wiki4d	46
2026-06-20 06:20	buecher	69
2026-06-20 06:20	culios	2
2026-06-20 06:20	dse	3611
2026-06-20 06:20	fractal	123
2026-06-20 06:20	nausner	2
2026-06-20 06:20	probier	5
2026-06-20 06:20	support	43
2026-06-20 06:20	wiki4d	37
2026-06-20 06:30	buecher	40
2026-06-20 06:30	culios	3
2026-06-20 06:30	dse	3630
2026-06-20 06:30	fractal	205
2026-06-20 06:30	nausner	6
2026-06-20 06:30	probier	12
2026-06-20 06:30	support	41
2026-06-20 06:30	wiki4d	36
2026-06-20 06:40	buecher	29
2026-06-20 06:40	culios	2
2026-06-20 06:40	dse	3122
2026-06-20 06:40	fractal	244
2026-06-20 06:40	lions	1
2026-06-20 06:40	nausner	4
2026-06-20 06:40	probier	11
2026-06-20 06:40	support	26
2026-06-20 06:40	wiki4d	65
2026-06-20 06:50	buecher	36
2026-06-20 06:50	culios	3
2026-06-20 06:50	dse	2937
2026-06-20 06:50	fractal	186
2026-06-20 06:50	nausner	2
2026-06-20 06:50	probier	7
2026-06-20 06:50	support	25
2026-06-20 06:50	wiki4d	67
2026-06-20 07:00	buecher	52
2026-06-20 07:00	culios	4
2026-06-20 07:00	dse	835
2026-06-20 07:00	fractal	185
2026-06-20 07:00	nausner	3
2026-06-20 07:00	probier	3
2026-06-20 07:00	support	40
2026-06-20 07:00	wiki4d	32
2026-06-20 07:10	buecher	71
2026-06-20 07:10	culios	3
2026-06-20 07:10	dse	835
2026-06-20 07:10	fractal	188
2026-06-20 07:10	nausner	3
2026-06-20 07:10	probier	9
2026-06-20 07:10	support	28
2026-06-20 07:10	wiki4d	55
2026-06-20 07:20	buecher	42
2026-06-20 07:20	dse	649
2026-06-20 07:20	fractal	148
2026-06-20 07:20	lions	1
2026-06-20 07:20	nausner	7
2026-06-20 07:20	probier	8
2026-06-20 07:20	support	20
2026-06-20 07:20	wiki4d	34
2026-06-20 07:30	buecher	36
2026-06-20 07:30	dse	542
2026-06-20 07:30	fractal	118
2026-06-20 07:30	nausner	2
2026-06-20 07:30	probier	4
2026-06-20 07:30	support	13
2026-06-20 07:30	wiki4d	21
2026-06-20 07:40	buecher	36
2026-06-20 07:40	culios	3
2026-06-20 07:40	dse	389
2026-06-20 07:40	fractal	281
2026-06-20 07:40	lions	1
2026-06-20 07:40	nausner	4
2026-06-20 07:40	probier	1
2026-06-20 07:40	support	17
2026-06-20 07:40	wiki4d	34
2026-06-20 07:50	buecher	36
2026-06-20 07:50	culios	4
2026-06-20 07:50	dse	647
2026-06-20 07:50	fractal	195
2026-06-20 07:50	lions	1
2026-06-20 07:50	nausner	5
2026-06-20 07:50	probier	2
2026-06-20 07:50	support	30
2026-06-20 07:50	wiki4d	47
2026-06-20 08:00	buecher	73
2026-06-20 08:00	culios	5
2026-06-20 08:00	dse	898
2026-06-20 08:00	fractal	137
2026-06-20 08:00	lions	1
2026-06-20 08:00	nausner	7
2026-06-20 08:00	probier	1
2026-06-20 08:00	support	25
2026-06-20 08:00	wiki4d	28
2026-06-20 08:10	buecher	41
2026-06-20 08:10	culios	3
2026-06-20 08:10	dse	1746
2026-06-20 08:10	fractal	159
2026-06-20 08:10	nausner	3
2026-06-20 08:10	probier	3
2026-06-20 08:10	support	24
2026-06-20 08:10	wiki4d	37
2026-06-20 08:20	buecher	63
2026-06-20 08:20	culios	1
2026-06-20 08:20	dse	2164
2026-06-20 08:20	fractal	99
2026-06-20 08:20	lions	2
2026-06-20 08:20	nausner	4
2026-06-20 08:20	probier	7
2026-06-20 08:20	support	12
2026-06-20 08:20	wiki4d	36
2026-06-20 08:30	buecher	83
2026-06-20 08:30	culios	2
2026-06-20 08:30	dse	2334
2026-06-20 08:30	fractal	118
2026-06-20 08:30	nausner	3
2026-06-20 08:30	support	21
2026-06-20 08:30	wiki4d	37
2026-06-20 08:40	buecher	78
2026-06-20 08:40	culios	5
2026-06-20 08:40	dse	2561
2026-06-20 08:40	fractal	170
2026-06-20 08:40	lions	1
2026-06-20 08:40	nausner	1
2026-06-20 08:40	support	37
2026-06-20 08:40	wiki4d	72
2026-06-20 08:50	buecher	99
2026-06-20 08:50	culios	3
2026-06-20 08:50	dse	2686
2026-06-20 08:50	fractal	124
2026-06-20 08:50	nausner	2
2026-06-20 08:50	support	17
2026-06-20 08:50	wiki4d	38
2026-06-20 09:00	buecher	71
2026-06-20 09:00	culios	3
2026-06-20 09:00	dse	2980
2026-06-20 09:00	fractal	103
2026-06-20 09:00	nausner	3
2026-06-20 09:00	probier	1
2026-06-20 09:00	support	21
2026-06-20 09:00	wiki4d	38
2026-06-20 09:10	buecher	75
2026-06-20 09:10	culios	1
2026-06-20 09:10	dse	2444
2026-06-20 09:10	fractal	135
2026-06-20 09:10	lions	1
2026-06-20 09:10	nausner	6
2026-06-20 09:10	probier	2
2026-06-20 09:10	support	26
2026-06-20 09:10	wiki4d	49
2026-06-20 09:20	buecher	97
2026-06-20 09:20	culios	1
2026-06-20 09:20	dse	2570
2026-06-20 09:20	fractal	240
2026-06-20 09:20	lions	1
2026-06-20 09:20	nausner	2
2026-06-20 09:20	probier	2
2026-06-20 09:20	support	20
2026-06-20 09:20	wiki4d	43
2026-06-20 09:30	buecher	98
2026-06-20 09:30	culios	3
2026-06-20 09:30	dse	2447
2026-06-20 09:30	fractal	101
2026-06-20 09:30	lions	1
2026-06-20 09:30	nausner	1
2026-06-20 09:30	probier	1
2026-06-20 09:30	support	32
2026-06-20 09:30	wiki4d	28
2026-06-20 09:40	buecher	88
2026-06-20 09:40	culios	1
2026-06-20 09:40	dse	2324
2026-06-20 09:40	fractal	107
2026-06-20 09:40	lions	1
2026-06-20 09:40	nausner	2
2026-06-20 09:40	probier	1
2026-06-20 09:40	support	12
2026-06-20 09:40	wiki4d	49
2026-06-20 09:50	buecher	118
2026-06-20 09:50	culios	2
2026-06-20 09:50	dse	2506
2026-06-20 09:50	fractal	103
2026-06-20 09:50	nausner	3
2026-06-20 09:50	probier	5
2026-06-20 09:50	support	20
2026-06-20 09:50	wiki4d	43
2026-06-20 10:00	buecher	101
2026-06-20 10:00	culios	1
2026-06-20 10:00	dse	2396
2026-06-20 10:00	fractal	171
2026-06-20 10:00	lions	2
2026-06-20 10:00	nausner	2
2026-06-20 10:00	probier	4
2026-06-20 10:00	support	18
2026-06-20 10:00	wiki4d	35
2026-06-20 10:10	buecher	82
2026-06-20 10:10	dse	2309
2026-06-20 10:10	fractal	282
2026-06-20 10:10	lions	1
2026-06-20 10:10	nausner	3
2026-06-20 10:10	probier	1
2026-06-20 10:10	support	31
2026-06-20 10:10	wiki4d	44
2026-06-20 10:20	buecher	75
2026-06-20 10:20	dse	3006
2026-06-20 10:20	fractal	161
2026-06-20 10:20	nausner	2
2026-06-20 10:20	probier	2
2026-06-20 10:20	support	17
2026-06-20 10:20	wiki4d	49
2026-06-20 10:30	buecher	93
2026-06-20 10:30	culios	4
2026-06-20 10:30	dse	3020
2026-06-20 10:30	fractal	113
2026-06-20 10:30	nausner	2
2026-06-20 10:30	probier	1
2026-06-20 10:30	support	14
2026-06-20 10:30	wiki4d	28
2026-06-20 10:40	buecher	92
2026-06-20 10:40	culios	4
2026-06-20 10:40	dse	2588
2026-06-20 10:40	fractal	115
2026-06-20 10:40	lions	1
2026-06-20 10:40	nausner	1
2026-06-20 10:40	probier	2
2026-06-20 10:40	support	22
2026-06-20 10:40	wiki4d	66
2026-06-20 10:50	buecher	46
2026-06-20 10:50	culios	10
2026-06-20 10:50	dse	2971
2026-06-20 10:50	fractal	127
2026-06-20 10:50	lions	2
2026-06-20 10:50	nausner	6
2026-06-20 10:50	probier	4
2026-06-20 10:50	support	23
2026-06-20 10:50	wiki4d	35
2026-06-20 11:00	buecher	48
2026-06-20 11:00	culios	4
2026-06-20 11:00	dse	2043
2026-06-20 11:00	fractal	157
2026-06-20 11:00	nausner	5
2026-06-20 11:00	probier	3
2026-06-20 11:00	support	21
2026-06-20 11:00	wiki4d	46
2026-06-20 11:10	buecher	54
2026-06-20 11:10	culios	8
2026-06-20 11:10	dse	1894
2026-06-20 11:10	fractal	132
2026-06-20 11:10	lions	1
2026-06-20 11:10	nausner	3
2026-06-20 11:10	probier	21
2026-06-20 11:10	support	30
2026-06-20 11:10	wiki4d	58
2026-06-20 11:20	buecher	78
2026-06-20 11:20	culios	2
2026-06-20 11:20	dse	1828
2026-06-20 11:20	fractal	118
2026-06-20 11:20	lions	3
2026-06-20 11:20	nausner	4
2026-06-20 11:20	probier	3
2026-06-20 11:20	support	17
2026-06-20 11:20	wiki4d	41
2026-06-20 11:30	buecher	61
2026-06-20 11:30	culios	2
2026-06-20 11:30	dse	1334
2026-06-20 11:30	fractal	128
2026-06-20 11:30	nausner	3
2026-06-20 11:30	probier	4
2026-06-20 11:30	support	17
2026-06-20 11:30	wiki4d	39
2026-06-20 11:40	buecher	48
2026-06-20 11:40	culios	3
2026-06-20 11:40	dse	1619
2026-06-20 11:40	fractal	148
2026-06-20 11:40	nausner	4
2026-06-20 11:40	probier	9
2026-06-20 11:40	support	20
2026-06-20 11:40	wiki4d	40
2026-06-20 11:50	buecher	114
2026-06-20 11:50	culios	5
2026-06-20 11:50	dse	1353
2026-06-20 11:50	fractal	260
2026-06-20 11:50	nausner	3
2026-06-20 11:50	probier	1
2026-06-20 11:50	support	26
2026-06-20 11:50	wiki4d	41
2026-06-20 12:00	buecher	50
2026-06-20 12:00	culios	2
2026-06-20 12:00	dse	1080
2026-06-20 12:00	fractal	198
2026-06-20 12:00	nausner	5
2026-06-20 12:00	probier	7
2026-06-20 12:00	support	20
2026-06-20 12:00	wiki4d	40
2026-06-20 12:10	buecher	58
2026-06-20 12:10	culios	4
2026-06-20 12:10	dse	1446
2026-06-20 12:10	fractal	171
2026-06-20 12:10	lions	2
2026-06-20 12:10	nausner	6
2026-06-20 12:10	probier	2
2026-06-20 12:10	support	27
2026-06-20 12:10	wiki4d	43
2026-06-20 12:20	buecher	116
2026-06-20 12:20	culios	5
2026-06-20 12:20	dse	1148
2026-06-20 12:20	fractal	163
2026-06-20 12:20	nausner	3
2026-06-20 12:20	probier	7
2026-06-20 12:20	support	23
2026-06-20 12:20	wiki4d	34
2026-06-20 12:30	buecher	70
2026-06-20 12:30	culios	4
2026-06-20 12:30	dse	901
2026-06-20 12:30	fractal	141
2026-06-20 12:30	lions	2
2026-06-20 12:30	nausner	5
2026-06-20 12:30	support	24
2026-06-20 12:30	wiki4d	48
2026-06-20 12:40	buecher	43
2026-06-20 12:40	culios	1
2026-06-20 12:40	dse	913
2026-06-20 12:40	fractal	174
2026-06-20 12:40	nausner	7
2026-06-20 12:40	probier	3
2026-06-20 12:40	support	14
2026-06-20 12:40	wiki4d	42
2026-06-20 12:50	buecher	56
2026-06-20 12:50	culios	1
2026-06-20 12:50	dse	1125
2026-06-20 12:50	fractal	144
2026-06-20 12:50	nausner	2
2026-06-20 12:50	probier	3
2026-06-20 12:50	support	18
2026-06-20 12:50	wiki4d	33
2026-06-20 13:00	buecher	92
2026-06-20 13:00	culios	2
2026-06-20 13:00	dse	1142
2026-06-20 13:00	fractal	122
2026-06-20 13:00	nausner	4
2026-06-20 13:00	probier	3
2026-06-20 13:00	support	26
2026-06-20 13:00	wiki4d	55
2026-06-20 13:10	buecher	29
2026-06-20 13:10	culios	1
2026-06-20 13:10	dse	1189
2026-06-20 13:10	fractal	113
2026-06-20 13:10	lions	1
2026-06-20 13:10	nausner	1
2026-06-20 13:10	support	6
2026-06-20 13:10	wiki4d	63
2026-06-20 13:20	buecher	75
2026-06-20 13:20	culios	1
2026-06-20 13:20	dse	923
2026-06-20 13:20	fractal	104
2026-06-20 13:20	probier	2
2026-06-20 13:20	support	3
2026-06-20 13:20	wiki4d	44
2026-06-20 13:30	buecher	49
2026-06-20 13:30	culios	1
2026-06-20 13:30	dse	1049
2026-06-20 13:30	fractal	110
2026-06-20 13:30	nausner	1
2026-06-20 13:30	probier	2
2026-06-20 13:30	support	4
2026-06-20 13:30	wiki4d	32
2026-06-20 13:40	buecher	108
2026-06-20 13:40	culios	2
2026-06-20 13:40	dse	1245
2026-06-20 13:40	fractal	149
2026-06-20 13:40	probier	4
2026-06-20 13:40	support	5
2026-06-20 13:40	wiki4d	35
2026-06-20 13:50	buecher	56
2026-06-20 13:50	culios	1
2026-06-20 13:50	dse	1251
2026-06-20 13:50	fractal	124
2026-06-20 13:50	probier	1
2026-06-20 13:50	support	32
2026-06-20 13:50	wiki4d	47
2026-06-20 14:00	buecher	51
2026-06-20 14:00	dse	1188
2026-06-20 14:00	fractal	147
2026-06-20 14:00	nausner	1
2026-06-20 14:00	support	6
2026-06-20 14:00	wiki4d	55
2026-06-20 14:10	buecher	86
2026-06-20 14:10	culios	9
2026-06-20 14:10	dse	1233
2026-06-20 14:10	fractal	125
2026-06-20 14:10	lions	1
2026-06-20 14:10	probier	3
2026-06-20 14:10	support	5
2026-06-20 14:10	wiki4d	111
2026-06-20 14:20	buecher	57
2026-06-20 14:20	culios	14
2026-06-20 14:20	dse	1312
2026-06-20 14:20	fractal	143
2026-06-20 14:20	probier	2
2026-06-20 14:20	support	5
2026-06-20 14:20	wiki4d	26
2026-06-20 14:30	buecher	85
2026-06-20 14:30	dse	1276
2026-06-20 14:30	fractal	118
2026-06-20 14:30	support	21
2026-06-20 14:30	wiki4d	34
2026-06-20 14:40	buecher	57
2026-06-20 14:40	dse	1467
2026-06-20 14:40	fractal	135
2026-06-20 14:40	nausner	1
2026-06-20 14:40	support	2
2026-06-20 14:40	wiki4d	45
2026-06-20 14:50	buecher	219
2026-06-20 14:50	culios	1
2026-06-20 14:50	dse	1117
2026-06-20 14:50	fractal	184
2026-06-20 14:50	probier	1
2026-06-20 14:50	support	9
2026-06-20 14:50	wiki4d	51
2026-06-20 15:00	buecher	70
2026-06-20 15:00	dse	1492
2026-06-20 15:00	fractal	104
2026-06-20 15:00	probier	2
2026-06-20 15:00	support	4
2026-06-20 15:00	wiki4d	41
2026-06-20 15:10	buecher	47
2026-06-20 15:10	culios	1
2026-06-20 15:10	dse	1403
2026-06-20 15:10	fractal	92
2026-06-20 15:10	nausner	1
2026-06-20 15:10	probier	2
2026-06-20 15:10	support	4
2026-06-20 15:10	wiki4d	97
2026-06-20 15:20	buecher	54
2026-06-20 15:20	dse	1721
2026-06-20 15:20	fractal	99
2026-06-20 15:20	lions	1
2026-06-20 15:20	nausner	1
2026-06-20 15:20	probier	1
2026-06-20 15:20	support	7
2026-06-20 15:20	wiki4d	27
2026-06-20 15:30	buecher	49
2026-06-20 15:30	culios	2
2026-06-20 15:30	dse	416
2026-06-20 15:30	fractal	107
2026-06-20 15:30	lions	1
2026-06-20 15:30	support	18
2026-06-20 15:30	wiki4d	1040
2026-06-20 15:40	buecher	95
2026-06-20 15:40	culios	1
2026-06-20 15:40	dse	455
2026-06-20 15:40	fractal	87
2026-06-20 15:40	probier	24
2026-06-20 15:40	support	5
2026-06-20 15:40	wiki4d	50
2026-06-20 15:50	buecher	96
2026-06-20 15:50	culios	1
2026-06-20 15:50	dse	209
2026-06-20 15:50	fractal	126
2026-06-20 15:50	support	5
2026-06-20 15:50	wiki4d	26
2026-06-20 16:00	buecher	52
2026-06-20 16:00	dse	123
2026-06-20 16:00	fractal	115
2026-06-20 16:00	nausner	2
2026-06-20 16:00	probier	1
2026-06-20 16:00	support	7
2026-06-20 16:00	wiki4d	120
2026-06-20 16:10	buecher	62
2026-06-20 16:10	culios	1
2026-06-20 16:10	dse	351
2026-06-20 16:10	fractal	494
2026-06-20 16:10	lions	1
2026-06-20 16:10	support	4
2026-06-20 16:10	wiki4d	26
2026-06-20 16:20	buecher	56
2026-06-20 16:20	culios	4
2026-06-20 16:20	dse	731
2026-06-20 16:20	fractal	116
2026-06-20 16:20	nausner	1
2026-06-20 16:20	probier	2
2026-06-20 16:20	support	22
2026-06-20 16:20	wiki4d	1102
2026-06-20 16:30	buecher	50
2026-06-20 16:30	culios	1
2026-06-20 16:30	dse	617
2026-06-20 16:30	fractal	120
2026-06-20 16:30	probier	3
2026-06-20 16:30	support	2
2026-06-20 16:30	wiki4d	29
2026-06-20 16:40	buecher	57
2026-06-20 16:40	dse	947
2026-06-20 16:40	fractal	269
2026-06-20 16:40	lions	1
2026-06-20 16:40	probier	1
2026-06-20 16:40	support	7
2026-06-20 16:40	wiki4d	44
2026-06-20 16:50	buecher	62
2026-06-20 16:50	culios	1
2026-06-20 16:50	dse	737
2026-06-20 16:50	fractal	253
2026-06-20 16:50	probier	1
2026-06-20 16:50	support	4
2026-06-20 16:50	wiki4d	31
2026-06-20 17:00	buecher	47
2026-06-20 17:00	culios	1
2026-06-20 17:00	dse	573
2026-06-20 17:00	fractal	264
2026-06-20 17:00	probier	2
2026-06-20 17:00	support	7
2026-06-20 17:00	wiki4d	26
2026-06-20 17:10	buecher	20
2026-06-20 17:10	dse	1111
2026-06-20 17:10	fractal	146
2026-06-20 17:10	lions	1
2026-06-20 17:10	probier	5
2026-06-20 17:10	support	4
2026-06-20 17:10	wiki4d	29
2026-06-20 17:20	buecher	41
2026-06-20 17:20	culios	1
2026-06-20 17:20	dse	1175
2026-06-20 17:20	fractal	156
2026-06-20 17:20	lions	1
2026-06-20 17:20	nausner	1
2026-06-20 17:20	probier	3
2026-06-20 17:20	support	22
2026-06-20 17:20	wiki4d	15
2026-06-20 17:30	buecher	46
2026-06-20 17:30	dse	1379
2026-06-20 17:30	fractal	181
2026-06-20 17:30	lions	2
2026-06-20 17:30	probier	1
2026-06-20 17:30	support	3
2026-06-20 17:30	wiki4d	34
2026-06-20 17:40	buecher	105
2026-06-20 17:40	dse	1239
2026-06-20 17:40	fractal	99
2026-06-20 17:40	probier	1
2026-06-20 17:40	support	6
2026-06-20 17:40	wiki4d	35
2026-06-20 17:50	buecher	34
2026-06-20 17:50	culios	1
2026-06-20 17:50	dse	1039
2026-06-20 17:50	fractal	131
2026-06-20 17:50	probier	1
2026-06-20 17:50	support	10
2026-06-20 17:50	wiki4d	68
2026-06-20 18:00	buecher	29
2026-06-20 18:00	dse	2120
2026-06-20 18:00	fractal	74
2026-06-20 18:00	nausner	2
2026-06-20 18:00	probier	1
2026-06-20 18:00	support	11
2026-06-20 18:00	wiki4d	46
2026-06-20 18:10	buecher	13
2026-06-20 18:10	culios	1
2026-06-20 18:10	dse	1009
2026-06-20 18:10	fractal	62
2026-06-20 18:10	probier	1
2026-06-20 18:10	support	4
2026-06-20 18:10	wiki4d	36
2026-06-20 18:20	buecher	36
2026-06-20 18:20	dse	921
2026-06-20 18:20	fractal	80
2026-06-20 18:20	nausner	2
2026-06-20 18:20	probier	1
2026-06-20 18:20	support	8
2026-06-20 18:20	wiki4d	54
2026-06-20 18:30	buecher	21
2026-06-20 18:30	dse	285
2026-06-20 18:30	fractal	104
2026-06-20 18:30	probier	2
2026-06-20 18:30	support	68
2026-06-20 18:30	wiki4d	21
2026-06-20 18:40	buecher	54
2026-06-20 18:40	dse	1014
2026-06-20 18:40	fractal	84
2026-06-20 18:40	probier	64
2026-06-20 18:40	support	53
2026-06-20 18:40	wiki4d	32
2026-06-20 18:50	buecher	10
2026-06-20 18:50	culios	4
2026-06-20 18:50	dse	714
2026-06-20 18:50	fractal	73
2026-06-20 18:50	probier	4
2026-06-20 18:50	support	87
2026-06-20 18:50	wiki4d	67
2026-06-20 19:00	buecher	41
2026-06-20 19:00	culios	4
2026-06-20 19:00	dse	799
2026-06-20 19:00	fractal	73
2026-06-20 19:00	nausner	1
2026-06-20 19:00	probier	2
2026-06-20 19:00	support	122
2026-06-20 19:00	wiki4d	38
2026-06-20 19:10	buecher	29
2026-06-20 19:10	dse	829
2026-06-20 19:10	fractal	110
2026-06-20 19:10	probier	2
2026-06-20 19:10	support	150
2026-06-20 19:10	wiki4d	28
2026-06-20 19:20	buecher	29
2026-06-20 19:20	dse	816
2026-06-20 19:20	fractal	161
2026-06-20 19:20	probier	62
2026-06-20 19:20	support	73
2026-06-20 19:20	wiki4d	54
2026-06-20 19:30	buecher	51
2026-06-20 19:30	dse	712
2026-06-20 19:30	fractal	108
2026-06-20 19:30	probier	32
2026-06-20 19:30	support	60
2026-06-20 19:30	wiki4d	43
2026-06-20 19:40	buecher	31
2026-06-20 19:40	dse	787
2026-06-20 19:40	fractal	137
2026-06-20 19:40	probier	1
2026-06-20 19:40	support	76
2026-06-20 19:40	wiki4d	27
2026-06-20 19:50	buecher	41
2026-06-20 19:50	dse	790
2026-06-20 19:50	fractal	156
2026-06-20 19:50	nausner	1
2026-06-20 19:50	probier	3
2026-06-20 19:50	support	62
2026-06-20 19:50	wiki4d	28
2026-06-20 20:00	buecher	35
2026-06-20 20:00	culios	2
2026-06-20 20:00	dse	931
2026-06-20 20:00	fractal	109
2026-06-20 20:00	probier	38
2026-06-20 20:00	support	70
2026-06-20 20:00	wiki4d	30
2026-06-20 20:10	buecher	53
2026-06-20 20:10	culios	2
2026-06-20 20:10	dse	753
2026-06-20 20:10	fractal	53
2026-06-20 20:10	nausner	1
2026-06-20 20:10	probier	8
2026-06-20 20:10	support	85
2026-06-20 20:10	wiki4d	34
2026-06-20 20:20	buecher	61
2026-06-20 20:20	culios	1
2026-06-20 20:20	dse	741
2026-06-20 20:20	fractal	143
2026-06-20 20:20	nausner	2
2026-06-20 20:20	support	61
2026-06-20 20:20	wiki4d	32
2026-06-20 20:30	buecher	41
2026-06-20 20:30	dse	654
2026-06-20 20:30	fractal	132
2026-06-20 20:30	probier	1
2026-06-20 20:30	support	27
2026-06-20 20:30	wiki4d	29
2026-06-20 20:40	buecher	47
2026-06-20 20:40	culios	2
2026-06-20 20:40	dse	377
2026-06-20 20:40	fractal	163
2026-06-20 20:40	nausner	3
2026-06-20 20:40	probier	1
2026-06-20 20:40	support	40
2026-06-20 20:40	wiki4d	38
2026-06-20 20:50	buecher	37
2026-06-20 20:50	dse	618
2026-06-20 20:50	fractal	139
2026-06-20 20:50	probier	1
2026-06-20 20:50	support	46
2026-06-20 20:50	wiki4d	25
2026-06-20 21:00	buecher	18
2026-06-20 21:00	dse	84
2026-06-20 21:00	fractal	187
2026-06-20 21:00	probier	2
2026-06-20 21:00	support	16
2026-06-20 21:00	wiki4d	20
2026-06-20 21:10	buecher	36
2026-06-20 21:10	culios	1
2026-06-20 21:10	dse	266
2026-06-20 21:10	fractal	202
2026-06-20 21:10	support	15
2026-06-20 21:10	wiki4d	32
2026-06-20 21:20	buecher	21
2026-06-20 21:20	dse	686
2026-06-20 21:20	fractal	179
2026-06-20 21:20	support	3
2026-06-20 21:20	wiki4d	49
2026-06-20 21:30	buecher	19
2026-06-20 21:30	dse	1320
2026-06-20 21:30	fractal	225
2026-06-20 21:30	lions	2
2026-06-20 21:30	nausner	6
2026-06-20 21:30	probier	9
2026-06-20 21:30	support	4
2026-06-20 21:30	wiki4d	25
2026-06-20 21:40	buecher	62
2026-06-20 21:40	culios	1
2026-06-20 21:40	dse	844
2026-06-20 21:40	fractal	280
2026-06-20 21:40	support	1
2026-06-20 21:40	wiki4d	40
2026-06-20 21:50	buecher	87
2026-06-20 21:50	culios	2
2026-06-20 21:50	dse	848
2026-06-20 21:50	fractal	330
2026-06-20 21:50	nausner	1
2026-06-20 21:50	probier	2
2026-06-20 21:50	support	5
2026-06-20 21:50	wiki4d	18
2026-06-20 22:00	buecher	17
2026-06-20 22:00	dse	555
2026-06-20 22:00	fractal	409
2026-06-20 22:00	nausner	2
2026-06-20 22:00	probier	1
2026-06-20 22:00	support	6
2026-06-20 22:00	wiki4d	30
2026-06-20 22:10	buecher	15
2026-06-20 22:10	dse	1094
2026-06-20 22:10	fractal	333
2026-06-20 22:10	nausner	1
2026-06-20 22:10	support	4
2026-06-20 22:10	wiki4d	37
2026-06-20 22:20	buecher	19
2026-06-20 22:20	dse	675
2026-06-20 22:20	fractal	194
2026-06-20 22:20	probier	1
2026-06-20 22:20	support	4
2026-06-20 22:20	wiki4d	49
2026-06-20 22:30	buecher	35
2026-06-20 22:30	culios	1
2026-06-20 22:30	dse	500
2026-06-20 22:30	fractal	179
2026-06-20 22:30	probier	1
2026-06-20 22:30	support	1
2026-06-20 22:30	wiki4d	51
2026-06-20 22:40	buecher	33
2026-06-20 22:40	culios	2
2026-06-20 22:40	dse	654
2026-06-20 22:40	fractal	135
2026-06-20 22:40	nausner	1
2026-06-20 22:40	probier	2
2026-06-20 22:40	wiki4d	32
2026-06-20 22:50	buecher	47
2026-06-20 22:50	culios	1
2026-06-20 22:50	dse	835
2026-06-20 22:50	fractal	160
2026-06-20 22:50	nausner	1
2026-06-20 22:50	support	21
2026-06-20 22:50	wiki4d	27
2026-06-20 23:00	buecher	47
2026-06-20 23:00	dse	619
2026-06-20 23:00	fractal	210
2026-06-20 23:00	probier	2
2026-06-20 23:00	support	5
2026-06-20 23:00	wiki4d	36
2026-06-20 23:10	buecher	86
2026-06-20 23:10	dse	749
2026-06-20 23:10	fractal	261
2026-06-20 23:10	probier	6
2026-06-20 23:10	support	10
2026-06-20 23:10	wiki4d	56
2026-06-20 23:20	buecher	54
2026-06-20 23:20	dse	990
2026-06-20 23:20	fractal	236
2026-06-20 23:20	lions	1
2026-06-20 23:20	nausner	1
2026-06-20 23:20	probier	6
2026-06-20 23:20	support	31
2026-06-20 23:20	wiki4d	34
2026-06-20 23:30	buecher	70
2026-06-20 23:30	dse	691
2026-06-20 23:30	fractal	235
2026-06-20 23:30	probier	7
2026-06-20 23:30	support	2
2026-06-20 23:30	wiki4d	41
2026-06-20 23:40	buecher	59
2026-06-20 23:40	dse	781
2026-06-20 23:40	fractal	153
2026-06-20 23:40	probier	6
2026-06-20 23:40	wiki4d	35
2026-06-20 23:50	buecher	56
2026-06-20 23:50	dse	827
2026-06-20 23:50	fractal	150
2026-06-20 23:50	probier	7
2026-06-20 23:50	support	9
2026-06-20 23:50	wiki4d	1034
